set,path,is_ai,model,admitted,vert_dist_h,l2_rms_deg,l2_mean_deg,l2_capped_mean_deg,l2_unexplained_frac,vp_std_max_deg,ortho_err_max_deg,ortho_err_rms_deg,orthocenter_offset,atl_logf_spread,atl_frac_impossible
yorkurban,P1020171,0,York Urban (real),False,,,,,,,,,,,
yorkurban,P1020177,0,York Urban (real),True,6.043876403311769,0.6741444171877519,0.4999917206706108,1.097966197147109,0.1071794306234873,0.1909986825659134,1.0544933678497586,0.6760020651902672,0.0335603782154882,0.0384963400216262,0.0
yorkurban,P1020822,0,York Urban (real),False,,,,,,,,,,,
yorkurban,P1020826,0,York Urban (real),False,,,,,,,,,,,
yorkurban,P1020828,0,York Urban (real),True,35.76634999539964,0.7619273650834869,0.5617626397947998,0.8580836994249161,0.097372834524792,0.4647384642315555,0.1240184640427628,0.0987198031312736,0.0686404794931057,2.9386279450239563,0.25
yorkurban,P1020829,0,York Urban (real),False,,,,,,,,,,,
yorkurban,P1020830,0,York Urban (real),True,78.65546275488525,0.7704165222334007,0.6145897925820962,1.06028889515751,0.1173865484407257,0.3650668647710614,0.7872560101469475,0.5448951814226638,0.0635336454700237,0.0215370461130754,0.0
yorkurban,P1020833,0,York Urban (real),True,665.3052578678464,0.6280632607428323,0.4405730040934963,0.5130794104040146,0.0413500654438074,0.5873743855177862,0.8492707493099942,0.4943869515672992,1.0731244819768504,,1.0
yorkurban,P1020838,0,York Urban (real),True,11.48495321712008,0.8547521222422934,0.6771237966576813,1.1847773750647947,0.1266391479962811,0.5503540116624976,0.6027877748836374,0.5041385454876643,0.0271727440847601,0.0225192098963509,0.0
yorkurban,P1020841,0,York Urban (real),True,13.617491367775946,0.7694245935986023,0.5831971196531467,1.7143671638495286,0.2177019522262174,0.3692072353689704,0.842664880622749,0.5612459778853863,0.0176734989983348,0.0165555585268588,0.0
yorkurban,P1020845,0,York Urban (real),True,36.05820183442693,0.729099864151774,0.555504952897294,1.504616864186313,0.1700976134993654,0.4458966576261912,0.4313565852000209,0.2909329473829306,0.1468702866668802,0.2636146575784339,0.0
yorkurban,P1020854,0,York Urban (real),False,,,,,,,,,,,
yorkurban,P1020856,0,York Urban (real),False,,,,,,,,,,,
yorkurban,P1020860,0,York Urban (real),True,106.87074921809136,0.6472006012287975,0.468332920039277,0.4623064507277136,0.0409727142932942,0.2775380383723546,0.3297764178763316,0.2356895550382735,0.0226363308597293,0.1771960679739042,0.0
yorkurban,P1020861,0,York Urban (real),True,45.19892089477873,0.836276725422226,0.6720344107040371,1.864778305346083,0.2268025498502078,0.6792564226164489,1.7911504830329363,1.250249598648595,0.1737626715509115,0.7185920625788462,0.0
yorkurban,P1020871,0,York Urban (real),True,20.836922379130986,0.7765247121969184,0.597707283008272,1.9493636372165088,0.2140446963317306,0.7954582856710432,68.27049704389529,41.03243224823219,67.98619985224778,0.1063760242644047,0.3333333333333333
yorkurban,P1020872,0,York Urban (real),True,34.61693668558464,0.7172189361440832,0.5475133448409796,1.0727725788930285,0.1307366167271212,0.675254206595125,0.6902984056586661,0.5474548439329016,0.030099134043909,0.0379560130123977,0.0
yorkurban,P1020887,0,York Urban (real),True,4.347876280377207,0.96822830096913,0.8056518728105999,1.7283911890556691,0.2218313509316156,0.4761952076558399,14.475914500688477,9.975479459437608,1.1236105981069826,0.7583525552068275,0.0
yorkurban,P1020912,0,York Urban (real),True,7.328825817316984,0.7751755573887825,0.5961069989910872,1.8494918147544464,0.2186760721247129,0.2552079954114251,65.07169044772414,39.00602138858853,2916.5134224317007,0.8097687412919701,0.0
yorkurban,P1020928,0,York Urban (real),True,5.975786250221602,0.8090644923961288,0.6015657558818118,1.308053847109365,0.1505534981426908,0.4855104868356788,0.9255546027403057,0.5722053892848517,0.0625877411873535,0.072411149364278,0.0
yorkurban,P1040779,0,York Urban (real),False,,,,,,,,,,,
yorkurban,P1040783,0,York Urban (real),True,13.771260257771432,0.8768282181407441,0.7139654100367228,1.6008452165351683,0.2190231602050914,0.5364319729014152,1.5709633950640836,1.0869451048425298,0.0551296525101483,0.0744871896746532,0.3333333333333333
yorkurban,P1040788,0,York Urban (real),True,12.787464574765313,0.8044391244968143,0.6187781477795533,0.8282837036837754,0.0838292113521819,0.3816229864274971,1.170013360437423,0.6919371371361108,0.0504206231815276,0.0560010758562459,0.0
yorkurban,P1040795,0,York Urban (real),False,,,,,,,,,,,
yorkurban,P1040798,0,York Urban (real),False,,,,,,,,,,,
yorkurban,P1040801,0,York Urban (real),False,,,,,,,,,,,
yorkurban,P1040811,0,York Urban (real),False,,,,,,,,,,,
yorkurban,P1040812,0,York Urban (real),True,35.17511461131346,0.8626852007492455,0.6737262395680078,1.1225820840008254,0.1699504494970718,0.5451001358589085,1.1793138489959605,0.7006273516591127,0.0686932295791064,0.1849939984081174,0.3333333333333333
yorkurban,P1040813,0,York Urban (real),False,,,,,,,,,,,
yorkurban,P1040814,0,York Urban (real),True,31.08318183142455,0.7559472403628246,0.5980594246285936,1.205942662344866,0.1521260149704483,0.3415533774171731,0.1738126467505338,0.1231555863929927,0.0666404838425116,0.0931782538717049,0.0
yorkurban,P1040815,0,York Urban (real),False,,,,,,,,,,,
yorkurban,P1040817,0,York Urban (real),True,27.249781626316977,0.8965999746926259,0.7233955593272344,1.6975660326983948,0.2246785733537723,0.4787095378477973,0.2980141152394964,0.2511207465291189,0.0744751427778982,0.2211852029140946,0.25
yorkurban,P1040818,0,York Urban (real),True,22.15424649052604,0.8907318565678092,0.7195673250973996,2.457397832770875,0.318906495687678,0.9489555976873192,72.19782588567253,41.73383220138515,1.894295084533212,1.305360902755382,0.0
yorkurban,P1040819,0,York Urban (real),True,9.538596035004538,0.7388120170063677,0.576983995892171,1.789974360636478,0.2465936828912066,0.3367182137591409,0.6554605052490103,0.431508809065715,0.0201148070358368,0.0073993053436787,0.0
yorkurban,P1040822,0,York Urban (real),False,,,,,,,,,,,
yorkurban,P1040823,0,York Urban (real),True,10.637582850492162,0.7291665859920997,0.5705236725449956,0.9713757778490628,0.1326930380313354,0.9763103812866084,13.340752059217053,9.493861789215986,0.7036068596519633,,0.6666666666666666
yorkurban,P1040825,0,York Urban (real),True,26.530097676733813,0.7607782755876995,0.5739135574099643,0.8418109455117793,0.1028759324882109,0.7325846874157422,0.1747235050311957,0.1143092104241271,0.0103837846240709,0.0141115908528428,0.3333333333333333
yorkurban,P1040826,0,York Urban (real),True,38.91212315813984,0.716112880061669,0.5424587821100182,0.6679267926219712,0.0659801873862211,0.8947780329859903,0.9989952661707378,0.618390861660797,0.0595480413471356,0.3192443918016936,0.0
yorkurban,P1040829,0,York Urban (real),True,36.97405523523609,0.8594315838843858,0.6825874985186887,1.501958362776373,0.1870178929786638,0.5793057289737058,0.3597880415210852,0.2645438448993534,0.1614492163760403,0.235675272405011,0.0
yorkurban,P1040833,0,York Urban (real),True,35.254207568911305,0.8734458629703125,0.7067585347992963,1.6425343120174278,0.1794384543676472,0.7446704820417894,0.6440996214185617,0.5055674707424077,0.1640302787374657,,0.6666666666666666
yorkurban,P1040839,0,York Urban (real),True,82.25248996170396,0.6160751931016258,0.4478686291908961,0.7652341614605639,0.0760696886041018,0.4260245721928175,0.4571663074047336,0.2745149763675426,0.0068924077555798,0.0234141116464394,0.0
yorkurban,P1040843,0,York Urban (real),True,85.60712038038463,0.8107523002629042,0.6355088107851699,1.2689191773974438,0.1756157371893462,0.5827236420608024,0.3897184209853463,0.2508087554604999,0.1199954752622157,0.4427000306069883,0.0
yorkurban,P1040845,0,York Urban (real),True,148.9493647469627,0.665720225224835,0.4720414502866205,1.0055595861103337,0.1196312458806228,0.1532238773838543,0.0266321661915469,0.0206133876340223,0.0076633402748388,0.0025420023199247,0.0
yorkurban,P1040850,0,York Urban (real),True,64.40992474063317,0.7535136192676228,0.5779793931698016,0.7204712322340798,0.0701049882877048,0.424729448700465,0.8034388892816651,0.497581517610783,0.0158655554248086,0.0106183085442221,0.0
yorkurban,P1040853,0,York Urban (real),True,64.37660493629673,0.7721853951351404,0.5876347915529652,0.6548200893509808,0.0652476346871443,0.3408843183328331,0.8378603864091332,0.5295405941037588,0.1207564748027923,,0.5
yorkurban,P1040854,0,York Urban (real),True,24.083044571517046,0.912557162695654,0.7279548177894523,3.222298592884437,0.3674008961390922,0.567633085631479,0.6745174641802549,0.4948620901820075,0.0663588208318491,2.836910512227917,0.0
yorkurban,P1040855,0,York Urban (real),True,41.34599287554617,0.8472828437625325,0.6838615603009218,2.134535582526359,0.3415575072393704,0.3943183405168787,0.4754429796117705,0.3263423605010959,0.2150468532863569,1.3830945947433646,0.25
yorkurban,P1040856,0,York Urban (real),True,9.297928276767646,0.803243237063434,0.6239677147525712,2.183028894837409,0.2364358885974743,0.6125736728203642,0.4491330941311275,0.3706165786723796,0.0556422362234433,0.1650458254582236,0.0
yorkurban,P1040860,0,York Urban (real),True,128.2513721509323,0.907482069536266,0.7108063462958483,1.9724547820730969,0.2683684421031902,0.3900262072148656,0.3958722267044265,0.2337308927937964,0.2831733750029216,1.2212562982705704,0.0
yorkurban,P1040862,0,York Urban (real),True,145.7124725634641,0.8539902317157787,0.697790213436824,1.9771445517822608,0.2861080076057545,0.5554863019269067,0.9946685687088036,0.7867028871286887,0.2448081401017884,0.7227861459400717,0.5
yorkurban,P1040863,0,York Urban (real),True,144.27259305236095,0.7422488252057188,0.570380516856638,1.5616985201103493,0.1809208086224214,0.5640955143211674,0.6601472066489436,0.4145636713208912,0.1924570907106023,,1.0
yorkurban,P1040870,0,York Urban (real),True,17.93273187543822,0.90786650983778,0.7359008494632573,2.268717999817971,0.2981372442682509,0.5580942415313204,1.1210005565613557,0.6604154167701484,0.095451418139352,0.500859661371595,0.25
yorkurban,P1020816,0,York Urban (real),True,35.11746237024623,0.7882462336495527,0.628487245980143,1.855077590471485,0.2109961308785592,0.3240933690628372,0.4796918581930924,0.2783816351374903,0.0822520800481416,0.1728753669737592,0.0
yorkurban,P1020817,0,York Urban (real),True,45.75179825149407,0.8038028472122279,0.638352582295888,1.5574981248690254,0.1870479407885388,0.3916489329340594,0.6267439380313391,0.3712025020599125,0.0580931887761875,0.141736878483571,0.0
yorkurban,P1020819,0,York Urban (real),True,34.509554542391534,0.8261459575734458,0.6418044488041381,1.0327927240444872,0.1224586226336718,0.3587606056645299,1.2271688290362448,0.7511119733901879,0.034601317304648,0.0148357829803735,0.0
yorkurban,P1020824,0,York Urban (real),True,73.89233822463659,0.7230205878325827,0.5506797075452127,0.7030742379593764,0.0654302123075504,0.5837413926816332,0.5161789715466796,0.3720610188496705,0.0164448878305265,0.0617029140553313,0.0
yorkurban,P1020825,0,York Urban (real),True,63.077752974302925,0.6894465425772017,0.5160567466156668,1.2572856676260884,0.1075445136633994,0.4222445585410208,1.3748314513178883,0.9037156144366588,0.0519478616419391,,1.0
yorkurban,P1020831,0,York Urban (real),True,240.7969641818486,0.6816469412407342,0.5223083454906282,0.958143335970938,0.0962677294152243,0.2478169360734367,0.5860667128353754,0.4185729981335521,0.5147359731749348,0.2321859958675745,0.0
yorkurban,P1020839,0,York Urban (real),False,,,,,,,,,,,
yorkurban,P1020847,0,York Urban (real),True,26.32507651829788,0.7894503270048064,0.6226638893695974,0.7759325265831034,0.0865894419479658,0.4475616496043727,0.4242390496301169,0.3175115585879925,0.1415610594806717,0.2012376924965728,0.3333333333333333
yorkurban,P1020848,0,York Urban (real),False,,,,,,,,,,,
yorkurban,P1020867,0,York Urban (real),True,36.305143827053904,0.8023025294930634,0.6131482135797454,1.3204541223728583,0.1849215767881474,0.3473698611996746,0.2031627227756587,0.1640035164476979,0.0411092636318162,0.1111019082053124,0.0
yorkurban,P1030001,0,York Urban (real),True,8.354199535196562,0.8472570379352216,0.6688560690437404,1.175086518996011,0.1592298912579128,0.1821755571510665,0.8822881603104378,0.6138447178265393,0.0339505307898941,0.0337919772422132,0.0
yorkurban,P1030004,0,York Urban (real),True,8.81955943112201,0.8852373669014615,0.7071182648581205,2.60371818812307,0.3645640767437378,0.4047310628241201,2.305068170786271,1.380315022207935,0.1504357805449886,0.1378181785127106,0.25
yorkurban,P1080005,0,York Urban (real),True,10.210819307003849,0.8674392472616805,0.6959681389864046,1.2023398046728722,0.1596289188830475,0.2208640296780793,1.3155437240937573,0.7753677890307022,0.1090407834553932,0.121614498438892,0.0
yorkurban,P1080008,0,York Urban (real),True,6.961433510044953,0.8745263863296024,0.7168520054977251,1.4300729489568125,0.2031711939529507,0.2082213154112132,0.5785911667598782,0.3475018729782547,0.0307382309409402,0.0269620566751331,0.3333333333333333
yorkurban,P1080011,0,York Urban (real),True,5.943243505807634,0.861514158601597,0.6756328306898385,1.306900123625452,0.1723940672723343,0.4044893669650678,0.6472214572614234,0.3878519796539016,0.0381829623154862,0.041109810557308,0.0
yorkurban,P1080015,0,York Urban (real),False,,,,,,,,,,,
yorkurban,P1080018,0,York Urban (real),True,7.762949227230982,0.8632357958627717,0.6836921025188614,1.290635615751928,0.1671012872389079,0.2676734088577504,0.596288436293662,0.4875051558845011,0.0226182960779544,0.2221200937536682,0.0
yorkurban,P1080020,0,York Urban (real),False,,,,,,,,,,,
yorkurban,P1080021,0,York Urban (real),False,,,,,,,,,,,
yorkurban,P1080023,0,York Urban (real),False,,,,,,,,,,,
yorkurban,P1080025,0,York Urban (real),True,19.2193692027992,0.7429781299184928,0.5731797133474636,0.7951972537999314,0.0686837492891032,0.3135449436384023,0.208498152458489,0.1455528212203725,0.0532585744115394,0.0916845888490041,0.0
yorkurban,P1080031,0,York Urban (real),True,11.096738523497528,0.8033059606213938,0.6387282742988732,1.359119762191603,0.1515748917558742,0.3072096768361661,0.340971846045889,0.2267479881592017,0.0379450375572739,0.0546096343479005,0.0
yorkurban,P1080032,0,York Urban (real),False,,,,,,,,,,,
yorkurban,P1080033,0,York Urban (real),False,,,,,,,,,,,
yorkurban,P1080036,0,York Urban (real),True,16.957317290594172,0.8367247808817535,0.6522143370308014,1.2147778446008717,0.1371181756204222,0.5370038922617192,1.2930966000388937,0.782629599513829,0.0479185783466945,0.1113513444717471,0.0
yorkurban,P1080045,0,York Urban (real),False,,,,,,,,,,,
yorkurban,P1080047,0,York Urban (real),False,,,,,,,,,,,
yorkurban,P1080049,0,York Urban (real),True,6.811960503568908,0.791389288816988,0.6139996490953556,1.3675305052829194,0.150936070812988,0.6220914981307648,1.574468652752287,1.029832053658693,0.1003970567945575,0.1312866502941201,0.0
yorkurban,P1080053,0,York Urban (real),True,10.387266688004338,0.8196953149054874,0.6370377687959492,1.0364921044094353,0.1164201847478825,0.3909118723905537,0.6182616489186756,0.3672797162730403,0.0479727809650869,0.039177581552968,0.0
yorkurban,P1080055,0,York Urban (real),True,16.83760676557216,0.8367421832716476,0.652196311503193,1.008192940463559,0.1273263227174804,0.4723873823152668,1.2895107559914578,0.750483960400988,0.1700779248793663,0.173173859210471,0.0
yorkurban,P1080056,0,York Urban (real),False,,,,,,,,,,,
yorkurban,P1080057,0,York Urban (real),True,14.071453369835517,0.7901992525005643,0.6264561529077649,1.5771571593191345,0.2346440777760944,0.7357977911633485,0.577738877332493,0.3729154083570989,0.0397221269797401,0.1549282228597732,0.0
yorkurban,P1080062,0,York Urban (real),True,27.033837332265087,0.8432123465747643,0.6614955354007367,1.005269187386671,0.1355257919113438,0.6511535710328135,0.0855534487479161,0.0517469110876784,0.0282161877283163,0.6442679542781953,0.0
yorkurban,P1080063,0,York Urban (real),False,,,,,,,,,,,
yorkurban,P1080074,0,York Urban (real),True,9.623993606803085,0.8696608286583094,0.6939242882707727,1.41618699820495,0.1774136867492649,0.8446007231068434,1.6304101704706682,1.0103524326401565,0.0701097704996483,0.1092101675622458,0.0
yorkurban,P1080077,0,York Urban (real),False,,,,,,,,,,,
yorkurban,P1080078,0,York Urban (real),True,56.07851693610058,0.7681402637939065,0.6091160437923137,2.503121135452424,0.2772623376864158,0.6438191060657232,0.3601516679933496,0.2260831493392141,0.1184945878113804,0.3602059950092942,0.0
yorkurban,P1080079,0,York Urban (real),True,57.097357506457314,0.8512126246977029,0.6730597396035408,1.2687335417350811,0.1631296933042954,0.3380965790277441,0.379111296234214,0.2522751630243259,0.2307653554101128,0.3669402323785871,0.0
yorkurban,P1080084,0,York Urban (real),False,,,,,,,,,,,
yorkurban,P1080091,0,York Urban (real),True,87.20311841625337,0.787661253319737,0.597424911691488,1.430340693087616,0.1815738582315584,0.6013642903631874,0.845541597828543,0.5014193439513617,0.1954425691129032,1.0485778901798062,0.0
yorkurban,P1080092,0,York Urban (real),True,46.90977351386423,0.8014620445755882,0.6273864399822248,1.599443672012124,0.2077728836350579,0.3976703176269335,0.5217059187077666,0.3096996265884449,0.2454185782597965,,0.5
yorkurban,P1080093,0,York Urban (real),False,,,,,,,,,,,
yorkurban,P1080096,0,York Urban (real),False,,,,,,,,,,,
yorkurban,P1080100,0,York Urban (real),True,10.123171037624436,0.8402926991287991,0.6615625384881251,1.5110030300325388,0.1988204659128133,0.5047483096214631,0.6124552615545866,0.3643836270996453,0.0378280422941446,0.0333528091728272,0.0
yorkurban,P1080104,0,York Urban (real),True,9.036990518240373,0.8868301978867742,0.7219699763424842,2.725008510825422,0.3687287260938999,0.328682114385407,0.3946001935120904,0.3191451196354993,0.0096659286808232,0.2495709505163628,0.0
yorkurban,P1080106,0,York Urban (real),True,9.171019627220552,0.8581263057249904,0.6901849911791833,1.4402818935781725,0.2035432867494767,0.653067784338035,0.2604393846716419,0.1778319836560008,0.0156800780205442,0.1212011255754204,0.0
yorkurban,P1080111,0,York Urban (real),True,11.14706614177386,0.9115758567537512,0.7397511358283645,1.7194574464181345,0.248260017805574,0.3740139240260269,2.8527948126075278,1.710571638660547,0.2843075670226623,0.417247798476815,0.0
yorkurban,P1080113,0,York Urban (real),True,9.567840730767076,0.8848752764608578,0.7036449907780691,1.6054489512454162,0.2327416611290229,0.3451155401780721,0.6726155369377551,0.501041082183711,0.0181879909393485,0.0291572162637265,0.3333333333333333
yorkurban,P1080116,0,York Urban (real),True,15.62197977523949,0.8508460338988457,0.6874199860448853,1.3565286862356756,0.2106623021914646,0.6964777873327167,1.6012544563155586,0.97102377262928,0.1957893682589371,0.2708463685732116,0.0
yorkurban,P1080119,0,York Urban (real),True,8.757934900638372,0.871235613648681,0.7116516744915989,1.839455704756432,0.2793532170728237,0.2870936678989563,0.5466687775925436,0.4018747675516356,0.0622023954230331,0.6597852354005038,0.0
real-commons,100038573.jpg,0,Commons (real),False,,,,,,,,,,,
real-commons,101102990.jpg,0,Commons (real),True,6.823974891983089,0.6036050677168948,0.4619022639784672,0.6493740947803139,0.0437598410103911,0.4882408006354031,71.68417653885511,42.0378307987823,81.40042251573088,,0.5
real-commons,101287934.jpg,0,Commons (real),False,,,,,,,,,,,
real-commons,103025077.jpg,0,Commons (real),False,,,,,,,,,,,
real-commons,10402374.jpg,0,Commons (real),True,30.9827165842996,0.8646256366784134,0.6759958631403127,1.8460404780898696,0.227136057054489,0.5371259551100601,1.9258860529292288,1.4447258097351834,0.0379443447124465,2.2991252668789475,0.5
real-commons,105241817.jpg,0,Commons (real),True,3.509291601958798,0.8609134819633446,0.692876550099736,1.5562490153468689,0.1838571469834346,0.5277188500170199,0.415278406175787,0.3548815250216818,0.0074495877475581,0.0103476243368394,0.0
real-commons,105241819.jpg,0,Commons (real),False,,,,,,,,,,,
real-commons,105241820.jpg,0,Commons (real),True,5.514773973996565,0.8729041609557547,0.707450753943522,2.325599529961705,0.257978677497857,0.8045277560618629,1.2677655131666796,0.7486130728759892,0.0672544859081419,0.1708348503569823,0.0
real-commons,105291070.jpg,0,Commons (real),False,,,,,,,,,,,
real-commons,105380830.jpg,0,Commons (real),False,,,,,,,,,,,
real-commons,106558465.jpg,0,Commons (real),False,,,,,,,,,,,
real-commons,10660689.jpg,0,Commons (real),False,,,,,,,,,,,
real-commons,10686514.jpg,0,Commons (real),False,,,,,,,,,,,
real-commons,107067853.jpg,0,Commons (real),False,,,,,,,,,,,
real-commons,107361509.jpg,0,Commons (real),False,,,,,,,,,,,
real-commons,107361510.jpg,0,Commons (real),True,424.45289284406346,0.5568962306006644,0.3669307979434343,0.521174477386307,0.0469200923821659,0.3695546744117685,10.216917842899631,7.295224842184001,0.8869785185838083,,1.0
real-commons,107528007.jpg,0,Commons (real),True,124.3226390832669,0.838817318389024,0.6796964742842012,2.577074446178682,0.3067226158838577,0.9474576842561586,46.052632823146205,26.72467038368265,2.628938347508549,,1.0
real-commons,108115953.jpg,0,Commons (real),False,,,,,,,,,,,
real-commons,111599140.jpg,0,Commons (real),False,,,,,,,,,,,
real-commons,112636258.jpg,0,Commons (real),False,,,,,,,,,,,
real-commons,113368842.jpg,0,Commons (real),False,,,,,,,,,,,
real-commons,114063282.jpg,0,Commons (real),False,,,,,,,,,,,
real-commons,114951785.jpg,0,Commons (real),False,,,,,,,,,,,
real-commons,115919549.jpg,0,Commons (real),True,,0.8764905781919783,0.7016996164320795,2.611474331127569,0.2485733544767674,0.4523649725459043,30.03604798104372,29.99534808610801,3242.3466324319925,,
real-commons,115919554.jpg,0,Commons (real),False,,,,,,,,,,,
real-commons,115919559.jpg,0,Commons (real),True,2.448883383078034,0.8126480705392193,0.6323935739130672,2.104736184356112,0.2049712390974238,0.525529835665863,22.124899581413743,17.928934086171825,1.9506034429880783,0.0793466988402951,0.0
real-commons,117403767.jpg,0,Commons (real),False,,,,,,,,,,,
real-commons,119858370.jpg,0,Commons (real),False,,,,,,,,,,,
real-commons,121501894.jpg,0,Commons (real),True,6.605324105709952,0.7851910859219343,0.6086571108498242,1.7230581664571785,0.2393671276754566,0.3573394374557339,3.4249004607580678,2.56385670052748,0.0707561675524135,0.2435085300121846,0.0
real-commons,121685664.jpg,0,Commons (real),False,,,,,,,,,,,
real-commons,122233284.jpg,0,Commons (real),True,18.533908118425853,0.6094764828458454,0.4542316833572262,0.5351421597731382,0.0427574362719678,0.4716112816833122,0.1438616311114771,0.0857213810277919,0.9769331826651108,,0.5
real-commons,122915193.jpg,0,Commons (real),False,,,,,,,,,,,
real-commons,124585902.jpg,0,Commons (real),True,5.342526035381083,0.7976257326185544,0.6018698589404833,2.160390703446558,0.2246427617681436,0.5813312160114724,70.13942034269353,40.69280245299319,0.7106770326513434,0.3157914104780355,0.0
real-commons,126185163.jpg,0,Commons (real),False,,,,,,,,,,,
real-commons,126237511.jpg,0,Commons (real),False,,,,,,,,,,,
real-commons,126352218.jpg,0,Commons (real),False,,,,,,,,,,,
real-commons,126424394.jpg,0,Commons (real),False,,,,,,,,,,,
real-commons,127256020.jpg,0,Commons (real),False,,,,,,,,,,,
real-commons,127256057.jpg,0,Commons (real),False,,,,,,,,,,,
real-commons,128369841.jpg,0,Commons (real),False,,,,,,,,,,,
real-commons,128753247.jpg,0,Commons (real),True,13.967618026700674,0.7514941933225803,0.57170066360528,1.224445960484629,0.1458420561276432,0.2722324158428993,2.571628691551325,1.711385366600375,0.1364066350386485,0.1235403505136094,0.0
real-commons,128858921.jpg,0,Commons (real),False,,,,,,,,,,,
real-commons,128858931.jpg,0,Commons (real),True,4.111903312970564,0.9366473860102508,0.7794775809506973,1.268144959349785,0.1237036826557044,0.2992344529520684,2.653729867096956,2.0906891516419788,0.0541165202346611,0.3511162584804133,0.0
real-commons,129248360.jpg,0,Commons (real),False,,,,,,,,,,,
real-commons,129248361.jpg,0,Commons (real),False,,,,,,,,,,,
real-commons,130410221.jpg,0,Commons (real),False,,,,,,,,,,,
real-commons,131567787.jpg,0,Commons (real),False,,,,,,,,,,,
real-commons,131567794.jpg,0,Commons (real),False,,,,,,,,,,,
real-commons,131568139.jpg,0,Commons (real),False,,,,,,,,,,,
real-commons,131718006.jpg,0,Commons (real),True,19.378588422901643,0.5824461321234559,0.4070773292042839,0.4624078138500707,0.0382526587950638,0.3689632119197805,0.1716090939480636,0.1198973521484633,0.0260802733966494,0.1000907352917916,0.0
real-commons,133295087.jpg,0,Commons (real),False,,,,,,,,,,,
real-commons,133797480.jpg,0,Commons (real),False,,,,,,,,,,,
real-commons,133797611.jpg,0,Commons (real),False,,,,,,,,,,,
real-commons,133797630.jpg,0,Commons (real),False,,,,,,,,,,,
real-commons,133797690.jpg,0,Commons (real),False,,,,,,,,,,,
real-commons,133798356.jpg,0,Commons (real),False,,,,,,,,,,,
real-commons,133798361.jpg,0,Commons (real),False,,,,,,,,,,,
real-commons,133798370.jpg,0,Commons (real),False,,,,,,,,,,,
real-commons,133798379.jpg,0,Commons (real),False,,,,,,,,,,,
real-commons,133798455.jpg,0,Commons (real),False,,,,,,,,,,,
real-commons,133798459.jpg,0,Commons (real),False,,,,,,,,,,,
real-commons,133798500.jpg,0,Commons (real),False,,,,,,,,,,,
real-commons,133798579.jpg,0,Commons (real),False,,,,,,,,,,,
real-commons,133798600.jpg,0,Commons (real),False,,,,,,,,,,,
real-commons,133798615.jpg,0,Commons (real),False,,,,,,,,,,,
real-commons,133798616.jpg,0,Commons (real),False,,,,,,,,,,,
real-commons,133798648.jpg,0,Commons (real),False,,,,,,,,,,,
real-commons,133798697.jpg,0,Commons (real),False,,,,,,,,,,,
real-commons,133798698.jpg,0,Commons (real),False,,,,,,,,,,,
real-commons,133798706.jpg,0,Commons (real),True,3.057013411046274,0.7264696964886584,0.5511767324678891,2.084857515328637,0.2655576704933099,0.1804489573451792,7.618040620196282,6.422811018411986,0.116295387850034,0.0707807810322611,0.0
real-commons,133798741.jpg,0,Commons (real),True,1.664279857826321,0.7154160875554781,0.516412819783738,2.103470408339734,0.2808335057405575,0.2424994537369869,8.442814540560747,6.679143660954248,0.1612199471960726,0.2474119200059057,0.0
real-commons,133798742.jpg,0,Commons (real),False,,,,,,,,,,,
real-commons,133798758.jpg,0,Commons (real),True,1.0575117591601668,0.8733931313038272,0.684015833378025,4.103632279773119,0.5221199079053123,0.7385834686850222,3.0706848129644584,2.094067391285688,0.0642071546177376,0.895681523127223,0.25
real-commons,133798768.jpg,0,Commons (real),True,,1.1110969988100816,0.9372367019267572,4.927510649030497,0.620086871365327,0.801504050756676,67.70031250187039,39.17198568777327,0.9180276903522032,,
real-commons,133798774.jpg,0,Commons (real),True,1.1654143327691038,0.9383686233401372,0.749728671648479,5.125903808612389,0.647216404348568,0.2345999526947889,9.11030471478584,5.673041043040549,0.1321244891873145,1.0404385445363031,0.0
real-commons,133798775.jpg,0,Commons (real),False,,,,,,,,,,,
real-commons,133798799.jpg,0,Commons (real),False,,,,,,,,,,,
real-commons,133798810.jpg,0,Commons (real),False,,,,,,,,,,,
real-commons,133798825.jpg,0,Commons (real),False,,,,,,,,,,,
real-commons,133798837.jpg,0,Commons (real),False,,,,,,,,,,,
real-commons,133798842.jpg,0,Commons (real),False,,,,,,,,,,,
real-commons,133927081.jpg,0,Commons (real),True,2.1915932329522536,0.671126534809654,0.4943104823736663,0.9942199483723398,0.1032402221438194,0.2624985244758926,1.5122364282723737,1.0725749053191669,0.0369517112234415,0.076643868661935,0.0
real-commons,133927083.jpg,0,Commons (real),False,,,,,,,,,,,
real-commons,133927149.jpg,0,Commons (real),True,18.91650621782021,0.7556763419535812,0.5735723031369784,1.3847410321659528,0.16973040684206,0.5783348783380775,1.4489233694401946,0.8656180773569061,0.2139258353134321,0.1657632977546193,0.0
real-commons,133927150.jpg,0,Commons (real),False,,,,,,,,,,,
real-commons,133927151.jpg,0,Commons (real),True,83.2383693612132,0.8405319981976396,0.6660792535586854,2.456041615393414,0.2680902243645743,0.570539009084016,0.4541775899827911,0.263940662927347,0.3361075172488054,0.1266861481833547,0.3333333333333333
real-commons,134289001.jpg,0,Commons (real),False,,,,,,,,,,,
real-commons,134289003.jpg,0,Commons (real),False,,,,,,,,,,,
real-commons,134289013.jpg,0,Commons (real),False,,,,,,,,,,,
real-commons,134289297.jpg,0,Commons (real),False,,,,,,,,,,,
real-commons,134289304.jpg,0,Commons (real),False,,,,,,,,,,,
real-commons,134289312.jpg,0,Commons (real),True,1.0642556536050485,0.7185404053509655,0.5628314864294782,1.4055399040710397,0.1335645067162596,0.4427120666842101,0.9074679740158018,0.6537925149647215,0.0356038198992783,0.1554646985492018,0.0
real-commons,134289315.jpg,0,Commons (real),False,,,,,,,,,,,
real-commons,134289321.jpg,0,Commons (real),False,,,,,,,,,,,
real-commons,134289370.jpg,0,Commons (real),True,1.659291557908576,0.5988848770288833,0.4421853994367224,0.5677396333097944,0.041041587187034,0.2502007893167042,0.7486064759901723,0.4579849890578469,0.0841965074893686,0.1714192998168098,0.0
real-commons,134289377.jpg,0,Commons (real),True,1.7718338603535395,0.7271706899401151,0.5613479019211163,0.8725250481156621,0.0967769856868733,0.3716432987003271,0.5325711723447881,0.3438604135120062,0.0103260261803153,0.1010181704332175,0.0
real-commons,134289381.jpg,0,Commons (real),False,,,,,,,,,,,
real-commons,134351811.jpg,0,Commons (real),False,,,,,,,,,,,
real-commons,134351812.jpg,0,Commons (real),False,,,,,,,,,,,
real-commons,134351813.jpg,0,Commons (real),True,2.101601492331768,0.8124185429610916,0.6365434692462769,1.80060163143609,0.1999675218889185,0.3162378426229945,0.2676066112667854,0.16123505526661,0.0067078030562503,0.0206835470879083,0.0
real-commons,134356706.jpg,0,Commons (real),False,,,,,,,,,,,
real-commons,134408326.jpg,0,Commons (real),True,13.094891498824024,0.6983257929347568,0.528714907022035,1.136779757645768,0.0956126594261513,0.1234248815043956,0.0805216796496353,0.0505253149273361,0.0117155327514731,0.0203268709091783,0.0
real-commons,135702891.jpg,0,Commons (real),False,,,,,,,,,,,
real-commons,136776699.jpg,0,Commons (real),False,,,,,,,,,,,
real-commons,138239479.jpg,0,Commons (real),False,,,,,,,,,,,
real-commons,139658745.jpg,0,Commons (real),True,24.01352902323271,0.943339057429844,0.7753883002214526,3.097934739131473,0.3522663090359159,0.720089298336542,4.901572867085278,3.1952502309168804,0.1300981492046894,0.8282538827196815,0.0
real-commons,139760688.jpg,0,Commons (real),True,382.5592158685997,0.7209281198545106,0.5280326256590947,2.1383971860376456,0.2371877088957237,0.7013657525129054,0.657128169097831,0.3838000186935946,0.0608859869553237,0.1356923235830951,0.0
real-commons,140073054.jpg,0,Commons (real),False,,,,,,,,,,,
real-commons,140080569.jpg,0,Commons (real),True,1086.013145217258,0.6556371254322237,0.5271598869240152,0.9704927139696492,0.0761547190719017,0.6802054903171478,0.3044429281327012,0.2634129101690057,2.032119784579584,,0.5
real-commons,140130433.jpg,0,Commons (real),True,105.526954574022,0.6265702427213875,0.4653014127641424,1.128272095167536,0.1139140113451704,0.2152574346481507,6.483107775163617,4.732080131126452,0.1199488485990977,2.175266932107028,0.0
real-commons,141067890.jpg,0,Commons (real),False,,,,,,,,,,,
real-commons,141067896.jpg,0,Commons (real),True,8.331310267828808,0.645110490320191,0.4885794031227142,0.8469076845273547,0.0782189697412298,0.4250187107366011,5.844982191842988,3.99831867781492,0.1168586992841266,0.0873984738202953,0.0
real-commons,141067897.jpg,0,Commons (real),False,,,,,,,,,,,
real-commons,141067899.jpg,0,Commons (real),True,3.249289815238248,0.6066503773846638,0.4590840401806674,0.7092886420573985,0.0559243547218864,0.6186496274841919,4.366134991888146,2.8489659648743912,0.1637393045195107,0.0018045137145321,0.0
real-commons,141067903.jpg,0,Commons (real),False,,,,,,,,,,,
real-commons,141123623.jpg,0,Commons (real),False,,,,,,,,,,,
real-commons,141125806.jpg,0,Commons (real),True,15.695933882787926,0.7903126061552563,0.6119123782427994,2.5324016668308547,0.2784434205988587,0.4693099096281062,0.95868602674814,0.6087333636156145,0.0169524566838538,0.0597828443555332,0.0
real-commons,141990277.jpg,0,Commons (real),False,,,,,,,,,,,
real-commons,142113018.jpg,0,Commons (real),True,70.87553091490453,0.887537729741195,0.6969087534735321,1.4921286304841062,0.1982146579703516,0.9499270363631892,0.6364800429018374,0.4202308256682617,0.2445560433450775,,0.5
real-commons,142113033.jpg,0,Commons (real),False,,,,,,,,,,,
real-commons,142127097.jpg,0,Commons (real),True,98.72508255461857,0.6352078559954863,0.4870788942487719,0.6516653182527269,0.0365907645243775,0.5110628345203099,2.035269587629344,1.2137856987779858,0.727766642697514,,1.0
real-commons,142127098.jpg,0,Commons (real),True,19.728787671851425,0.7068369399106841,0.5669366231875753,1.7852699380124375,0.172060267887188,0.5061559455013039,3.1033254607130374,2.1937405838255133,0.0744040485054699,0.8065843123635883,0.0
real-commons,142127100.jpg,0,Commons (real),True,69.64627586729785,0.7588456232013012,0.6003728488910984,1.854777967301811,0.1787857399140191,0.8334824429428296,3.577401550244886,2.270755810668532,0.2162859685803638,,1.0
real-commons,142127101.jpg,0,Commons (real),False,,,,,,,,,,,
real-commons,142127106.jpg,0,Commons (real),False,,,,,,,,,,,
real-commons,142127112.jpg,0,Commons (real),False,,,,,,,,,,,
real-commons,142127114.jpg,0,Commons (real),False,,,,,,,,,,,
real-commons,142127115.jpg,0,Commons (real),True,4.707774781122336,0.824505732492217,0.6675388743900362,2.0192651931615586,0.2180074727736042,0.7276323623110168,0.5027027204018282,0.3202689812016806,0.0133728691301489,0.0291180133772073,0.3333333333333333
real-commons,142127124.jpg,0,Commons (real),True,39.802511873962224,0.670848155554291,0.5071789516522901,0.7209770083876532,0.0546680087972335,0.6313934566744929,0.950022675824755,0.6627074100473249,0.4709486291802375,0.4160313711392884,0.0
real-commons,142127126.jpg,0,Commons (real),True,51.59958912611604,0.6741164821750029,0.5167114424173846,0.7005156742836034,0.0488659906007428,0.1874463845091305,1.3081459298001334,0.7737656881421272,0.4036067759072496,0.2228605220421977,0.0
real-commons,142127127.jpg,0,Commons (real),False,,,,,,,,,,,
real-commons,142127135.jpg,0,Commons (real),True,23.48254657846904,0.6277994454376044,0.4656251477920053,0.9497127009936548,0.0843775315165446,0.3407034473543207,0.8136899555659056,0.4865494512579179,0.1691392073587881,0.2770790092310715,0.0
real-commons,142127137.jpg,0,Commons (real),False,,,,,,,,,,,
real-commons,142127141.jpg,0,Commons (real),True,65.38699937571683,0.615107041204926,0.4687588927408257,0.6763127915662772,0.0490389637729847,0.1572175943854597,1.150677849601024,0.6651842756888355,0.498299896702111,,0.6666666666666666
real-commons,142127144.jpg,0,Commons (real),False,,,,,,,,,,,
real-commons,142127145.jpg,0,Commons (real),False,,,,,,,,,,,
real-commons,142127147.jpg,0,Commons (real),True,41.801961080161504,0.6834037413749564,0.5100231930668763,0.7271906172874975,0.0645078869112945,0.2781973313034599,2.5479415707827258,1.4716161686831672,0.5335531645420797,,0.0
real-commons,142127148.jpg,0,Commons (real),False,,,,,,,,,,,
real-commons,142127151.jpg,0,Commons (real),True,14.942015599104243,0.7345824140838316,0.5401409110367947,1.4418535618716537,0.2093939630588356,0.5009190607810401,3.740189922153234,3.0740122835014385,0.0736294280508822,0.475149603163957,0.0
real-commons,142127154.jpg,0,Commons (real),True,5.270910835926623,0.6703811240101464,0.506798195484628,0.8681453003862271,0.0929853187608232,0.9147002910827998,2.4666803918071025,1.5551563513282054,0.0739322977637508,0.1443156834499142,0.0
real-commons,142127155.jpg,0,Commons (real),True,8.162155302674565,0.8141647360859006,0.6394403031358975,1.0456472016195617,0.1218856070624655,0.3092221047540283,2.3075603597531256,1.7292132341707869,0.0774947761718932,0.0168614989745981,0.0
real-commons,142127157.jpg,0,Commons (real),True,22.991506448529005,0.7237430655052709,0.5496324588500322,0.7757230601428784,0.0708631154482308,0.5453848403022572,0.839112599627029,0.6523447147272514,0.0385510359869532,0.0199258931316705,0.0
real-commons,142127166.jpg,0,Commons (real),True,21.47889451164704,0.706874881310162,0.5396540415200012,0.8586193562100669,0.0895481496973236,0.6645490301389625,0.8219311196234997,0.5760805998920145,0.0991833769600945,2.205055683093801,0.0
real-commons,142127172.jpg,0,Commons (real),True,7.861648800358906,0.8268766990043959,0.6586198629753274,1.448573283628939,0.206136604245295,0.5298043018629135,4.658201244250932,3.98794413943939,0.0822078567574352,0.4829202625827475,0.0
real-commons,142772811.jpg,0,Commons (real),False,,,,,,,,,,,
real-commons,144073369.jpg,0,Commons (real),True,3.249261762230548,0.6893635559132208,0.5261377842491085,1.063685425676304,0.1121000769466568,0.2384822646463027,0.3044765134820153,0.3038140399489887,0.0082239571234795,0.0032483197519423,0.0
real-commons,144073372.jpg,0,Commons (real),False,,,,,,,,,,,
real-commons,144073375.jpg,0,Commons (real),False,,,,,,,,,,,
real-commons,144073379.jpg,0,Commons (real),True,4.075528587325143,0.8747232545695587,0.6781652299768498,2.9683836899371565,0.3665313808216828,0.4968197834328721,1.7590251282585996,1.1512407303521748,0.1007985367648513,0.4286449000639605,0.25
real-commons,144073382.jpg,0,Commons (real),True,3.662356138148672,0.743075644748877,0.5794148005750068,1.4945897196256168,0.190212350202496,0.2769292565747627,0.3143831583458762,0.218886753906082,0.0062468330354222,0.0081240267539275,0.0
real-commons,144073388.jpg,0,Commons (real),True,1.8786151608256123,0.7120408183591103,0.55408297571858,1.3221535860802929,0.1277291489102451,0.3789976727982449,0.493948705969089,0.3866701217611211,0.0102627003072868,0.0081615193816739,0.0
real-commons,144073395.jpg,0,Commons (real),True,1.941062539839733,0.7872316208219965,0.6097799327728046,1.2335549450492644,0.1094026022181714,0.2958233823378243,0.2381168186491322,0.1893635633665844,0.0046704882071892,0.0048301924154454,0.0
real-commons,144073397.jpg,0,Commons (real),True,1.9285834735671947,0.7519732103059065,0.5919852125886516,1.3610797245857609,0.1257858268365967,0.3771962687513864,0.0818717266912898,0.0658812404907256,0.0016521090102947,0.000709227239577,0.0
real-commons,144073708.jpg,0,Commons (real),False,,,,,,,,,,,
real-commons,144073745.jpg,0,Commons (real),False,,,,,,,,,,,
real-commons,144074254.jpg,0,Commons (real),True,2.290365908222314,0.7023146231691885,0.5367594514274096,1.6319762993796345,0.159382505822112,0.5729540744664848,0.9455015074408664,0.663640417498605,0.0184000974496628,0.0322595066637072,0.0
real-commons,144074378.jpg,0,Commons (real),False,,,,,,,,,,,
real-commons,144074831.jpg,0,Commons (real),False,,,,,,,,,,,
real-commons,144075120.jpg,0,Commons (real),False,,,,,,,,,,,
real-commons,144075360.jpg,0,Commons (real),False,,,,,,,,,,,
real-commons,144075366.jpg,0,Commons (real),False,,,,,,,,,,,
real-commons,144075889.jpg,0,Commons (real),False,,,,,,,,,,,
real-commons,144076339.jpg,0,Commons (real),False,,,,,,,,,,,
real-commons,144076551.jpg,0,Commons (real),False,,,,,,,,,,,
real-commons,144076553.jpg,0,Commons (real),True,1.912361227066666,0.8008690275948266,0.6233425371533488,2.3796519164044905,0.2665015757339125,0.2412029928673832,65.35534412456418,38.099754444648674,0.6860204439941392,0.430744571535274,0.0
real-commons,144076561.jpg,0,Commons (real),False,,,,,,,,,,,
real-commons,144076565.jpg,0,Commons (real),True,3.783335131684991,0.7352580634352741,0.5672299906647478,0.7410000396037832,0.0494531876331696,0.820121566292754,0.4527005749276469,0.266225904247845,0.2045782517591809,0.294148608885612,0.0
real-commons,144076582.jpg,0,Commons (real),False,,,,,,,,,,,
real-commons,144076584.jpg,0,Commons (real),False,,,,,,,,,,,
real-commons,144076616.jpg,0,Commons (real),False,,,,,,,,,,,
real-commons,144076620.jpg,0,Commons (real),True,2.218273572783484,0.7659748535292937,0.5873326076769724,1.7818118062211394,0.2196306848799546,0.3768261145771776,0.0287906373304309,0.0212662956440324,0.0006783618697089,0.0031523551144987,0.3333333333333333
real-commons,144076628.jpg,0,Commons (real),False,,,,,,,,,,,
real-commons,147110769.jpg,0,Commons (real),False,,,,,,,,,,,
real-commons,147574082.jpg,0,Commons (real),False,,,,,,,,,,,
real-commons,147574083.jpg,0,Commons (real),True,12.621649724024886,0.8566719201957824,0.6784796922425446,2.850724416239843,0.3388269641418617,0.3938446462745421,2.941805255944772,2.3842927501518725,0.1847280419046251,0.2085440186858642,0.3333333333333333
real-commons,147574099.jpg,0,Commons (real),False,,,,,,,,,,,
real-commons,147574108.jpg,0,Commons (real),True,11.2653545879209,0.781888567654948,0.6122104025756921,1.3858036425324296,0.2045659886937845,0.3935409358218004,0.5745545942588137,0.4673821638280909,0.086724021683851,0.2319209237658954,0.25
real-commons,147593595.jpg,0,Commons (real),False,,,,,,,,,,,
real-commons,148718408.jpg,0,Commons (real),False,,,,,,,,,,,
real-commons,148796159.jpg,0,Commons (real),False,,,,,,,,,,,
real-commons,149511681.jpg,0,Commons (real),False,,,,,,,,,,,
real-commons,149844764.jpg,0,Commons (real),False,,,,,,,,,,,
real-commons,150027945.jpg,0,Commons (real),False,,,,,,,,,,,
real-commons,150116680.jpg,0,Commons (real),False,,,,,,,,,,,
real-commons,150198698.jpg,0,Commons (real),True,19.75300783007589,0.8553125206960458,0.6729047119452607,2.8398965902606044,0.3614795544079892,0.4734289211303335,55.78462300820881,34.643847442898256,3.867770082771128,0.5957638849762219,0.0
real-commons,150254460.jpg,0,Commons (real),False,,,,,,,,,,,
real-commons,151260109.jpg,0,Commons (real),False,,,,,,,,,,,
real-commons,151607867.jpg,0,Commons (real),True,7.867826962707317,0.8065692194025672,0.6295089501183285,1.9326116009407124,0.2602191467752868,0.3526635641351999,3.776842479070936,2.531775957336757,0.0662285703205712,0.4579751884396374,0.0
real-commons,153097363.jpg,0,Commons (real),False,,,,,,,,,,,
real-commons,153899608.jpg,0,Commons (real),True,9.731237785495688,0.6200162443388041,0.4730238277449783,0.838564324961685,0.0602980659089297,0.1678638390323445,13.420657202616695,7.762777547838869,2.982790949682137,,1.0
real-commons,15406810.jpg,0,Commons (real),False,,,,,,,,,,,
real-commons,154768825.jpg,0,Commons (real),True,2.7282319675598465,0.5927882528651639,0.4412313761337219,0.4481838900974026,0.0211264764834081,0.793969566530152,2.8992776085253524,1.7701462485570605,0.9332081679891712,0.8699570100990224,0.0
real-commons,15533725.jpg,0,Commons (real),False,,,,,,,,,,,
real-commons,15538215.jpg,0,Commons (real),False,,,,,,,,,,,
real-commons,15538217.jpg,0,Commons (real),False,,,,,,,,,,,
real-commons,157624590.jpg,0,Commons (real),False,,,,,,,,,,,
real-commons,158908474.jpg,0,Commons (real),False,,,,,,,,,,,
real-commons,159587511.jpg,0,Commons (real),False,,,,,,,,,,,
real-commons,159587535.jpg,0,Commons (real),False,,,,,,,,,,,
real-commons,159587572.jpg,0,Commons (real),True,52.77285001293964,0.7651267711145614,0.5705942912324827,0.9461601029592888,0.1109970112187868,0.4573327450065125,0.5450651924180647,0.3367016881849861,0.0537425319357383,,0.5
real-commons,161755351.jpg,0,Commons (real),False,,,,,,,,,,,
real-commons,162536417.jpg,0,Commons (real),True,3.6888743464745977,0.5721429812990525,0.4118378172673346,0.6016286286174946,0.0401617188025205,0.4227748578913498,8.70355387060657,8.192612173636675,0.1677042788731915,0.0144717547285564,0.0
real-commons,162537105.jpg,0,Commons (real),True,4.997185466329769,0.5718091976611405,0.4122632446179974,0.6291109118536093,0.0460199151126977,0.2252076010308779,9.312205645032876,8.692854429315245,0.1725105764100186,0.0107263853237764,0.0
real-commons,162663045.jpg,0,Commons (real),True,26.4211876661646,0.677977358714474,0.516707983219428,2.3606074492668254,0.2361283949719927,0.402339230442623,0.3186998272692278,0.1925460472549168,0.0036682686459932,0.0055779241092093,0.0
real-commons,162917765.jpg,0,Commons (real),False,,,,,,,,,,,
real-commons,162917768.jpg,0,Commons (real),False,,,,,,,,,,,
real-commons,162927541.jpg,0,Commons (real),True,1.824839759342277,0.6643853818403482,0.5013871107846657,1.0879379795372588,0.0888794377964955,0.1513550739020596,0.5649893001124866,0.3854240659399756,0.0092490402357229,0.1007962755816276,0.0
real-commons,162927548.jpg,0,Commons (real),True,3.3151128947151194,0.6894273346198713,0.5252524927857857,0.7465416352298484,0.0597317126393198,0.1340195427733459,0.1780068587343066,0.1278950115792184,0.0055317116415828,0.0029491703135624,0.0
real-commons,16323118.jpg,0,Commons (real),False,,,,,,,,,,,
real-commons,163797595.jpg,0,Commons (real),False,,,,,,,,,,,
real-commons,164368723.jpg,0,Commons (real),True,26.12840395196261,0.7595677271071051,0.5924851648881297,0.8848229426998884,0.1143232178872634,0.2396697992330228,5.515890170317192,3.724666698742727,0.1435315145519541,0.0038603731686572,0.0
real-commons,164368837.jpg,0,Commons (real),True,81.00436618576059,0.7482042552679653,0.5573804107490152,1.060083892388996,0.1335023355934419,0.3137319949067579,9.534685574917075,5.793974571232107,0.8332882261513272,,1.0
real-commons,164368854.jpg,0,Commons (real),False,,,,,,,,,,,
real-commons,164368855.jpg,0,Commons (real),True,23.76986938695919,0.8086616344878284,0.6375697895309801,0.9450274243637894,0.1286608263444437,0.3259988050193117,8.2337665613572,5.595941134065732,0.118996862610669,0.0284454784286651,0.0
real-commons,164368856.jpg,0,Commons (real),True,11.774169860918612,0.7727351113165973,0.6118272117391764,0.8969015430801284,0.1146803569475695,0.2252662287028945,0.9728320975129492,0.7129103257204589,0.0344612784043487,0.0105972109225538,0.0
real-commons,164414846.jpg,0,Commons (real),False,,,,,,,,,,,
real-commons,164454504.jpg,0,Commons (real),True,26.48994079690593,0.7840050977520504,0.6244820539568238,0.7881256837217907,0.1017733996748533,0.3006303126781333,11.451872542239428,7.8891161501795475,0.1962119442635031,0.0331042355517157,0.0
real-commons,167154989.jpg,0,Commons (real),False,,,,,,,,,,,
real-commons,167534863.jpg,0,Commons (real),False,,,,,,,,,,,
real-commons,169788509.jpg,0,Commons (real),True,59.09770672290256,0.6843194637638756,0.4987770758784015,2.038904893304505,0.2610977145727286,0.6131634968049474,4.810512264792024,3.057336785920035,0.1580237630797746,0.1995711754341984,0.5
real-commons,170504798.jpg,0,Commons (real),False,,,,,,,,,,,
real-commons,170729583.jpg,0,Commons (real),True,3565.857487593124,0.7084561562409842,0.5502597351259916,0.7433798725355356,0.07124810222406,0.4758787511666832,1.117646784116772,0.8895551082141846,2.088858007323288,,0.5
real-commons,170743455.jpg,0,Commons (real),True,552.1572238444131,0.6363902390963513,0.4585782903026912,0.6013909829391535,0.0645948650522599,0.1685528134469249,3.3387063812915585,2.5495076977464506,0.5198303067583345,0.035515197790362,0.0
real-commons,170746481.jpg,0,Commons (real),True,143.90469981966666,0.7677644078477361,0.5785607308452594,1.8369659962965983,0.2048319671341213,0.2305392540720085,0.3106954188066027,0.2214358215174292,0.0369933976060027,0.5369786290403411,0.0
real-commons,17189804.jpg,0,Commons (real),True,23.418607599725544,0.7424801847277765,0.5707335872757962,1.115690237504586,0.0960373502598513,0.3057355463313517,1.399518430850634,0.9071365687312144,0.114998037639645,0.1028062402259442,0.0
real-commons,172960762.jpg,0,Commons (real),False,,,,,,,,,,,
real-commons,173004816.jpg,0,Commons (real),False,,,,,,,,,,,
real-commons,173004818.jpg,0,Commons (real),False,,,,,,,,,,,
real-commons,175443170.jpg,0,Commons (real),True,273.4031772965617,0.399183532374861,0.2492563185997904,0.2249392844471523,0.0090249415533752,0.1852393820833263,10.389541501002611,6.285281414768356,13.595583908737703,0.1865713666014929,0.0
real-commons,175443183.jpg,0,Commons (real),False,,,,,,,,,,,
real-commons,176046294.jpg,0,Commons (real),True,95.8332920698921,0.8318677941541812,0.6696566088629774,1.9042681628035136,0.1934244883811989,0.4600593735278701,4.141346403228084,2.444908390209889,4.403106947881188,,0.5
real-commons,178367167.jpg,0,Commons (real),True,77.35986329279956,0.5694480036792797,0.4030479826045571,0.6639513133065944,0.0589568095631228,0.2269880191521567,5.865009515487571,4.2843540182633415,0.1100345893224923,0.0150090719829174,0.0
real-commons,178542729.jpg,0,Commons (real),False,,,,,,,,,,,
real-commons,179709623.jpg,0,Commons (real),False,,,,,,,,,,,
real-commons,182784457.jpg,0,Commons (real),False,,,,,,,,,,,
real-commons,182883730.jpg,0,Commons (real),False,,,,,,,,,,,
real-commons,18457350.jpg,0,Commons (real),False,,,,,,,,,,,
real-commons,185051984.jpg,0,Commons (real),False,,,,,,,,,,,
real-commons,185308075.jpg,0,Commons (real),False,,,,,,,,,,,
real-commons,186640910.jpg,0,Commons (real),True,24.1042387127423,0.6800768373633562,0.5166847385058779,2.866367509368785,0.303577205847549,0.3491429052907359,6.585158948246217,4.529975389002735,0.1140176930881145,0.0450872003582114,0.0
real-commons,189481231.jpg,0,Commons (real),True,21.866454329951917,0.8650366446055253,0.6892365613608394,1.772215039827188,0.2435077798551529,0.8002601509695549,8.484052988438947,5.686603197687678,1.3675123326557854,2.1102320095076426,0.3333333333333333
real-commons,189622496.jpg,0,Commons (real),False,,,,,,,,,,,
real-commons,19059095.jpg,0,Commons (real),False,,,,,,,,,,,
real-commons,191391879.jpg,0,Commons (real),True,35.607143818241674,0.872498101253858,0.6972880114335003,1.2300048144412163,0.1632998847654976,0.464308937855549,7.080291782144727,4.186874000007061,0.3081910049616023,,0.5
real-commons,191631924.jpg,0,Commons (real),False,,,,,,,,,,,
real-commons,191632419.jpg,0,Commons (real),False,,,,,,,,,,,
real-commons,191632421.jpg,0,Commons (real),False,,,,,,,,,,,
real-commons,191632422.jpg,0,Commons (real),False,,,,,,,,,,,
real-commons,191632425.jpg,0,Commons (real),False,,,,,,,,,,,
real-commons,191632426.jpg,0,Commons (real),False,,,,,,,,,,,
real-commons,192421379.jpg,0,Commons (real),True,60.35740780776412,0.8695839320178398,0.6885945948027657,1.6748707080213276,0.2093689801224588,0.769152454183365,3.316072826493155,2.5379637011712672,0.0291180092457983,,1.0
real-commons,195397600.jpg,0,Commons (real),True,10.940823937479154,0.7410447588420588,0.5641028892075859,1.3807819495242817,0.1444565587900487,0.9895421793193494,0.5641023885999914,0.361874927010014,0.0218597530846428,0.2987044878593883,0.0
real-commons,196729084.jpg,0,Commons (real),False,,,,,,,,,,,
real-commons,196893879.jpg,0,Commons (real),False,,,,,,,,,,,
real-commons,196931022.jpg,0,Commons (real),False,,,,,,,,,,,
real-commons,198429548.jpg,0,Commons (real),True,16.875120438004668,0.8383081044077053,0.6898482884260799,1.7582879506353892,0.2089770026859961,0.9982832926155552,9.771531440950994,7.533754057609049,2.155788084450936,1.599900917162552,0.0
real-commons,198429552.jpg,0,Commons (real),True,165.3969041433309,0.7983331189775453,0.6406693241022513,1.1166340504124772,0.1083869385735454,0.645949149440614,78.71241866834151,45.450881313150354,4.197888676087711,0.2365920185553918,0.3333333333333333
real-commons,198429553.jpg,0,Commons (real),False,,,,,,,,,,,
real-commons,198863012.jpg,0,Commons (real),True,78.6558149341203,0.6015264607504139,0.4441337352113977,1.2179191923012709,0.1341278822926018,0.6385833551036916,0.9457580392463428,0.5834424837165968,0.1364663950848993,,0.5
real-commons,19899285.jpg,0,Commons (real),False,,,,,,,,,,,
real-commons,199677639.jpg,0,Commons (real),True,13.04055287737359,0.555433545466903,0.3686313061391546,0.919549057125986,0.0803864233321245,0.4779715638395715,7.058875420918085,5.109580493951315,0.3080199596213506,0.0569179717834931,0.0
real-commons,20657181.jpg,0,Commons (real),False,,,,,,,,,,,
real-commons,21010877.jpg,0,Commons (real),False,,,,,,,,,,,
real-commons,21152354.jpg,0,Commons (real),True,638.3642393374311,0.7687717774897666,0.5906328005561949,2.6454164381793,0.2830087434583354,0.2056561223579626,32.39515670068851,18.978604062017943,24.60767518330746,2.819146185774416,0.0
real-commons,21611524.jpg,0,Commons (real),True,18.90035284651381,0.8227325531485489,0.6541880225321792,1.3283666010878932,0.1777447471984865,0.3988739945937952,1.0476242621813014,0.636707443050905,0.1022986899002902,0.0961255897399944,0.0
real-commons,21850640.jpg,0,Commons (real),False,,,,,,,,,,,
real-commons,22647576.jpg,0,Commons (real),True,7.979354349601039,0.6244143181954804,0.4812817257061466,0.7954305555043842,0.0781364445067574,0.5048612394924618,1.653130040953542,1.3374855442818514,0.0583762243205162,0.0500268380623261,0.0
real-commons,22786006.jpg,0,Commons (real),True,163.96544362964698,0.5497480758734246,0.4188661422066486,0.9096357411112764,0.0892342880154666,0.5390151603310984,0.0589643160663797,0.0351958336510061,0.1024643079655069,0.1508920710858197,0.0
real-commons,23210586.jpg,0,Commons (real),True,142.9480838513855,0.5327111996678605,0.3802650969825129,0.5236238750341645,0.0487436036042414,0.2671019890174949,3.376687883119203,2.090382357066632,0.5398577181020769,,1.0
real-commons,23962381.jpg,0,Commons (real),False,,,,,,,,,,,
real-commons,24332753.jpg,0,Commons (real),False,,,,,,,,,,,
real-commons,25231335.jpg,0,Commons (real),False,,,,,,,,,,,
real-commons,25367572.jpg,0,Commons (real),False,,,,,,,,,,,
real-commons,25501098.jpg,0,Commons (real),True,6.918563717493703,0.7951234534848076,0.6004399179521726,2.6451911610511454,0.3203057377623399,0.4840739982406808,12.18433160335995,10.41277880287733,0.9429263297202654,1.3739980010362132,0.0
real-commons,26339665.jpg,0,Commons (real),True,10.993315244187208,0.7072868543861599,0.5467600564290895,1.053253833628427,0.1256386699098473,0.9932876683163469,48.41670701970629,29.357916921410045,0.8546374806420769,,0.5
real-commons,26791257.jpg,0,Commons (real),False,,,,,,,,,,,
real-commons,26914429.jpg,0,Commons (real),False,,,,,,,,,,,
real-commons,27064333.jpg,0,Commons (real),True,4.863873236808164,0.7994542984100496,0.6346822013741011,1.7297503925675946,0.1766689601107148,0.6921892073784432,29.32013131014753,20.97348354280032,82.53465437671582,,0.5
real-commons,27064370.jpg,0,Commons (real),False,,,,,,,,,,,
real-commons,27299218.jpg,0,Commons (real),True,4.244321746445676,0.7204576321452423,0.554779185670821,2.147379545129662,0.2612747324808254,0.3866910286018586,1.7849161036034786,1.5251838680548424,0.0305456846016233,0.0003599406077627,0.0
real-commons,27299221.jpg,0,Commons (real),True,4.178822695079444,0.8656280120860925,0.6891970880830336,2.790611202031251,0.3115482029145359,0.3909115951714451,2.1181261129748634,1.7864507737068815,0.0555234180658789,0.0907415214973932,0.25
real-commons,27300088.jpg,0,Commons (real),False,,,,,,,,,,,
real-commons,27541522.jpg,0,Commons (real),False,,,,,,,,,,,
real-commons,27541534.jpg,0,Commons (real),False,,,,,,,,,,,
real-commons,27541626.jpg,0,Commons (real),False,,,,,,,,,,,
real-commons,27597820.jpg,0,Commons (real),False,,,,,,,,,,,
real-commons,27725205.jpg,0,Commons (real),False,,,,,,,,,,,
real-commons,27991823.jpg,0,Commons (real),False,,,,,,,,,,,
real-commons,28381723.jpg,0,Commons (real),False,,,,,,,,,,,
real-commons,28436124.jpg,0,Commons (real),False,,,,,,,,,,,
real-commons,29514918.jpg,0,Commons (real),True,17.850054225851476,0.7606492454713406,0.5749115572616263,2.481710418963985,0.2967796663843618,0.8706454902846467,41.190458427397765,24.472427545988023,0.5388639737011702,1.870787418905876,0.5
real-commons,29657001.jpg,0,Commons (real),True,108.0594823576268,0.7547912380455148,0.579696136539104,1.0948162954492309,0.160104067748464,0.4387896884984607,15.378393224121012,12.318935645787722,0.4655091289079321,0.0183744258015483,0.0
real-commons,3078862.jpg,0,Commons (real),False,,,,,,,,,,,
real-commons,31773433.jpg,0,Commons (real),False,,,,,,,,,,,
real-commons,32289309.jpg,0,Commons (real),True,20.631732456252283,0.7715252923696232,0.594140566813579,0.8740974228346139,0.0945431176617006,0.760673064483019,2.13931136639512,1.2448549278539285,0.0927341870015545,,0.5
real-commons,33240170.jpg,0,Commons (real),False,,,,,,,,,,,
real-commons,33633818.jpg,0,Commons (real),False,,,,,,,,,,,
real-commons,35521434.jpg,0,Commons (real),False,,,,,,,,,,,
real-commons,35950954.jpg,0,Commons (real),False,,,,,,,,,,,
real-commons,3721699.jpg,0,Commons (real),True,5.659992355392949,0.7079882948473676,0.5386115305409077,0.8355312478876846,0.0716350190348261,0.2658783324801871,0.2866222262009614,0.2326023086896748,0.0076567409129446,0.0046553113725602,0.0
real-commons,3721742.jpg,0,Commons (real),False,,,,,,,,,,,
real-commons,3721761.jpg,0,Commons (real),False,,,,,,,,,,,
real-commons,3725381.jpg,0,Commons (real),False,,,,,,,,,,,
real-commons,38392016.jpg,0,Commons (real),True,16.161637005162685,0.8332944667141499,0.6401007188393817,1.7979194467479822,0.2187567396840801,0.7687028742517924,3.5713101528641573,2.252324623834767,0.624394689925002,0.5557140567901353,0.0
real-commons,41219873.jpg,0,Commons (real),False,,,,,,,,,,,
real-commons,42895508.jpg,0,Commons (real),False,,,,,,,,,,,
real-commons,43766851.jpg,0,Commons (real),False,,,,,,,,,,,
real-commons,4384107.jpg,0,Commons (real),True,46.0728704415322,0.6779972429123967,0.5228025731526972,2.099855680056664,0.2242425993958663,0.3767889498685371,27.59032425678788,16.041694966610095,14.793907887582543,1.9516143985363923,0.0
real-commons,45045216.jpg,0,Commons (real),False,,,,,,,,,,,
real-commons,45430044.jpg,0,Commons (real),False,,,,,,,,,,,
real-commons,49011545.jpg,0,Commons (real),False,,,,,,,,,,,
real-commons,49165496.jpg,0,Commons (real),False,,,,,,,,,,,
real-commons,4968273.jpg,0,Commons (real),True,137.5837087089603,0.9407895487808512,0.7806043489635869,1.229361147272006,0.1320020478885063,0.4099010951270982,2.0281214184411738,1.2205354154702694,0.3776214713339559,,1.0
real-commons,50650969.jpg,0,Commons (real),False,,,,,,,,,,,
real-commons,50982087.jpg,0,Commons (real),False,,,,,,,,,,,
real-commons,52522673.jpg,0,Commons (real),False,,,,,,,,,,,
real-commons,53166458.jpg,0,Commons (real),False,,,,,,,,,,,
real-commons,53247790.jpg,0,Commons (real),False,,,,,,,,,,,
real-commons,53573612.jpg,0,Commons (real),False,,,,,,,,,,,
real-commons,54398721.jpg,0,Commons (real),True,474.1228884241935,0.6931189060663202,0.4907128695633836,1.4414213044638426,0.1853930638148914,0.3516303076218273,4.713021614361793,2.989095337152017,0.2610875790690372,,1.0
real-commons,57603006.jpg,0,Commons (real),True,,0.6971938221635599,0.510919676628612,1.4893839560986173,0.1781025210124214,0.4093329796589358,1.1024786128615744,0.8480454354917236,0.0107295688313333,,
real-commons,61534267.jpg,0,Commons (real),False,,,,,,,,,,,
real-commons,64139390.jpg,0,Commons (real),True,467.125326144718,0.6549239792682997,0.4983076136073491,1.4486398969016516,0.1383660770358405,0.7902609749964259,67.93060864224802,39.38145759753324,31.2300839217497,0.4374539743523264,0.0
real-commons,65433162.jpg,0,Commons (real),False,,,,,,,,,,,
real-commons,68593562.jpg,0,Commons (real),True,24.70598649675801,0.8509071205600702,0.6929099164513449,2.5679812018597303,0.386655416430347,0.9996519729234012,2.389216184169527,1.380166485900011,0.1585376933701568,,0.75
real-commons,69735323.jpg,0,Commons (real),True,,0.988833896439534,0.8178205741552861,3.4846722809961106,0.4238422611799374,0.4822769451422629,30.74033876471946,19.40919908390144,1.95111977404885,,
real-commons,72728269.jpg,0,Commons (real),False,,,,,,,,,,,
real-commons,72853301.jpg,0,Commons (real),False,,,,,,,,,,,
real-commons,73054791.jpg,0,Commons (real),False,,,,,,,,,,,
real-commons,73615995.jpg,0,Commons (real),False,,,,,,,,,,,
real-commons,7419946.jpg,0,Commons (real),False,,,,,,,,,,,
real-commons,75011665.jpg,0,Commons (real),False,,,,,,,,,,,
real-commons,77569557.jpg,0,Commons (real),True,37.44863026406145,0.7251644643104654,0.5428897099775444,1.6106495694650285,0.178608974999373,0.8156585666248373,18.698265237521483,10.916216716344447,3.559407912834785,,0.5
real-commons,78769543.jpg,0,Commons (real),False,,,,,,,,,,,
real-commons,79085935.jpg,0,Commons (real),True,7.480138264601329,0.8147501688000957,0.6531898825957112,1.3218779656932496,0.1365190588591662,0.3571884230038156,0.2678339638381999,0.2137687296037626,0.0269161764019033,0.9446523092393236,0.0
real-commons,79594594.jpg,0,Commons (real),False,,,,,,,,,,,
real-commons,79594598.jpg,0,Commons (real),False,,,,,,,,,,,
real-commons,80252921.jpg,0,Commons (real),False,,,,,,,,,,,
real-commons,82516459.jpg,0,Commons (real),True,35.420330404006194,0.6858903695204162,0.5245930327010639,2.0910921337050814,0.2586091568237643,0.4071148251142006,0.7399393248203268,0.5743900587733649,0.0351865622374449,0.0266906192576943,0.0
real-commons,84250807.jpg,0,Commons (real),False,,,,,,,,,,,
real-commons,84742407.jpg,0,Commons (real),False,,,,,,,,,,,
real-commons,86761378.jpg,0,Commons (real),False,,,,,,,,,,,
real-commons,86879200.jpg,0,Commons (real),True,46.83943047073021,0.788452498648862,0.609121389120847,2.1662857707345085,0.231454276791,0.4260862992082895,30.45509306975456,23.850595414333487,20.23543839147005,,0.5
real-commons,87190846.jpg,0,Commons (real),False,,,,,,,,,,,
real-commons,88114953.jpg,0,Commons (real),False,,,,,,,,,,,
real-commons,8879069.jpg,0,Commons (real),False,,,,,,,,,,,
real-commons,88884420.jpg,0,Commons (real),False,,,,,,,,,,,
real-commons,8913717.jpg,0,Commons (real),False,,,,,,,,,,,
real-commons,89454440.jpg,0,Commons (real),True,11.784564802297997,0.7263219805949941,0.5825543042195138,1.7422310868042294,0.1657152489946389,0.4031070322004097,0.9850762627469436,0.8457477714696383,0.0898977414073293,0.1838522330100076,0.0
real-commons,90907782.jpg,0,Commons (real),True,9.90380837673431,0.7797209099073249,0.6153081898789896,1.3484686292726045,0.1535327377984851,0.4920182141973686,1.5255841111515736,0.9961631243548986,0.1126545167506931,0.1856430892893934,0.0
real-commons,91065334.jpg,0,Commons (real),True,58.36677722150889,0.6443614922861829,0.4949646618159266,0.6181709044474026,0.0356681937671874,0.5419359195390648,14.171188970695084,8.216250485199772,7.474321800666673,1.91929615649528,0.0
real-commons,91259245.jpg,0,Commons (real),True,149.78044157764316,0.5235605686501291,0.3678011695188836,0.3660009410961395,0.0287281481281015,0.8764909433990783,0.2405065251795832,0.1622705135709842,0.3761474392263691,3.567107297017067,0.0
real-commons,92409324.jpg,0,Commons (real),True,629.3255339314314,0.6504861754339385,0.4602351358295569,1.3254098674090695,0.1506402890564261,0.3196816956193514,2.939150681428828,1.914106802747106,1.3828825781309613,,0.5
real-commons,95371447.jpg,0,Commons (real),False,,,,,,,,,,,
real-commons,97254476.jpg,0,Commons (real),False,,,,,,,,,,,
real-commons,98874670.jpg,0,Commons (real),True,11.191205079257251,0.8427376928850491,0.6709257498652108,1.971833168514564,0.23446456906753,0.3478001743930041,1.3713746683718142,1.1092855497920635,0.0264901362371742,0.0034854933885908,0.0
real-commons,9959768.jpg,0,Commons (real),True,11.540652840511989,0.8588797397152149,0.6935994472504274,2.855706322439244,0.348472699049574,0.7955229974011095,66.31636978165932,38.2973037605227,0.3829750807321543,0.0743008045390718,0.0
real-commons,99938888.jpg,0,Commons (real),True,15.80340805934426,0.7999724153418534,0.625391409864242,1.1957917696749063,0.1283427346249164,0.4861284142692674,0.997153427654382,0.6871512203583618,0.0190328666410679,0.0676040838895088,0.0
sd15_rich,sd15_0000.png,1,SD 1.5,False,,,,,,,,,,,
sd15_rich,sd15_0001.png,1,SD 1.5,False,,,,,,,,,,,
sd15_rich,sd15_0002.png,1,SD 1.5,False,,,,,,,,,,,
sd15_rich,sd15_0003.png,1,SD 1.5,True,453.9034781520872,0.9682379069654702,0.7840695029358068,2.1999929951343056,0.3289565251662747,0.6208118367099853,4.466509819143752,3.123924654693504,1.698924308671232,2.32205245315755,0.5
sd15_rich,sd15_0004.png,1,SD 1.5,False,,,,,,,,,,,
sd15_rich,sd15_0005.png,1,SD 1.5,False,,,,,,,,,,,
sd15_rich,sd15_0006.png,1,SD 1.5,True,92.49081617600262,0.8752143253017106,0.7064471566895841,2.2970777950165937,0.3373294913550191,0.6748442688559416,3.917456617088476,2.5518371984598187,4.236433747562356,1.2643786293923442,0.5
sd15_rich,sd15_0007.png,1,SD 1.5,False,,,,,,,,,,,
sd15_rich,sd15_0008.png,1,SD 1.5,False,,,,,,,,,,,
sd15_rich,sd15_0009.png,1,SD 1.5,False,,,,,,,,,,,
sd15_rich,sd15_0010.png,1,SD 1.5,False,,,,,,,,,,,
sd15_rich,sd15_0011.png,1,SD 1.5,False,,,,,,,,,,,
sd15_rich,sd15_0012.png,1,SD 1.5,True,13.180095936622482,0.8149785422691644,0.6462209571063837,0.9253919140681152,0.0903407201695999,0.364760756887455,14.738459827093152,11.463031982271264,5.534643628513249,,0.5
sd15_rich,sd15_0013.png,1,SD 1.5,True,37.95759246172168,0.9380491874524692,0.7789908375664932,1.5793379625949242,0.2165817239540154,0.4597885949892657,2.658659836003423,1.74192548780899,0.2112169736834915,,0.5
sd15_rich,sd15_0014.png,1,SD 1.5,False,,,,,,,,,,,
sd15_rich,sd15_0015.png,1,SD 1.5,True,355.0073992685073,0.8572111860729305,0.6835086053898717,1.3837368043607428,0.1802467759742556,0.523916888936239,1.3765029705613046,1.0295041335311548,5.307089660105443,2.1594321303127018,0.3333333333333333
sd15_rich,sd15_0016.png,1,SD 1.5,True,13.579373307744582,0.9555896808313242,0.7958996650142862,2.6198474625113963,0.3286266330693997,0.8249751318798112,16.48628839473787,14.938806083119797,3.2666521342102697,0.4231757885245262,0.5
sd15_rich,sd15_0017.png,1,SD 1.5,False,,,,,,,,,,,
sd15_rich,sd15_0018.png,1,SD 1.5,True,42.57752828694992,1.0000174005075186,0.8342559073084004,1.6966881856656637,0.2493884701841329,0.5579424346839731,7.152840650355245,5.3040754907091525,0.0906244066125822,0.5691862876024807,0.0
sd15_rich,sd15_0019.png,1,SD 1.5,False,,,,,,,,,,,
sd15_rich,sd15_0020.png,1,SD 1.5,False,,,,,,,,,,,
sd15_rich,sd15_0021.png,1,SD 1.5,True,117.10115120761502,0.923373938137702,0.7604750581877241,2.496687936968341,0.3168134505994775,0.2643625992377698,2.2942504685266982,1.6306747561623514,0.0815294111990386,0.99615262729934,0.0
sd15_rich,sd15_0022.png,1,SD 1.5,False,,,,,,,,,,,
sd15_rich,sd15_0023.png,1,SD 1.5,False,,,,,,,,,,,
sd15_rich,sd15_0024.png,1,SD 1.5,False,,,,,,,,,,,
sd15_rich,sd15_0025.png,1,SD 1.5,False,,,,,,,,,,,
sd15_rich,sd15_0026.png,1,SD 1.5,False,,,,,,,,,,,
sd15_rich,sd15_0027.png,1,SD 1.5,True,249.5286041776488,0.7933669869731856,0.590164045274692,0.956547205573468,0.1247883678686907,0.3843603125811775,2.8085510946087453,1.7457752654769854,1.1895836180869368,,1.0
sd15_rich,sd15_0028.png,1,SD 1.5,True,86.62894467869562,0.9627997564856532,0.7868681182381271,1.4945233059512226,0.2026248680350742,0.5269676069250268,8.677930449853235,5.761887575980495,0.9631347402317754,0.0959943649091616,0.0
sd15_rich,sd15_0029.png,1,SD 1.5,False,,,,,,,,,,,
sd15_rich,sd15_0030.png,1,SD 1.5,False,,,,,,,,,,,
sd15_rich,sd15_0031.png,1,SD 1.5,True,509.26215492489945,0.850160431352127,0.6561783106595637,1.1569187057849168,0.151182605212851,0.9551046254936674,0.7211523271156466,0.4664460760881287,2.852279462180854,,0.6666666666666666
sd15_rich,sd15_0032.png,1,SD 1.5,False,,,,,,,,,,,
sd15_rich,sd15_0033.png,1,SD 1.5,True,338.27275476990565,0.883010702500982,0.7284897147397784,2.670544415280082,0.3156388220662426,0.6724348642118311,0.978390128853178,0.564900705483221,3.5822614070993937,0.1499176262297572,0.3333333333333333
sd15_rich,sd15_0034.png,1,SD 1.5,False,,,,,,,,,,,
sd15_rich,sd15_0035.png,1,SD 1.5,True,124.37210626456417,0.829706358370729,0.6648741116240308,1.5936170561823293,0.218567832446986,0.6254122687165536,0.9463897530786198,0.5518535878660206,0.4416107087752948,1.1420655816533314,0.3333333333333333
sd15_rich,sd15_0036.png,1,SD 1.5,False,,,,,,,,,,,
sd15_rich,sd15_0037.png,1,SD 1.5,True,29080.79984404594,0.9398811334592608,0.7768118834260413,2.30295038268662,0.2916715623787764,0.4632992110145714,3.282956022356217,1.985254089099659,15.267653623569908,,
sd15_rich,sd15_0038.png,1,SD 1.5,False,,,,,,,,,,,
sd15_rich,sd15_0039.png,1,SD 1.5,False,,,,,,,,,,,
sd15_rich,sd15_0040.png,1,SD 1.5,False,,,,,,,,,,,
sd15_rich,sd15_0041.png,1,SD 1.5,True,37.184933801338666,0.9563112670985472,0.8147474501360596,2.8605663147201232,0.3649238822884987,0.5193820636647363,49.357598401127184,32.980920409996955,58.86353081703909,0.7230657417745849,0.0
sd15_rich,sd15_0042.png,1,SD 1.5,False,,,,,,,,,,,
sd15_rich,sd15_0043.png,1,SD 1.5,True,72.0759898297391,0.7998843749279081,0.6353283406377199,0.9259982112629964,0.1371757038524748,0.5953133158786114,3.7187573184712335,2.8010158883514804,2.317708489033589,,0.5
sd15_rich,sd15_0044.png,1,SD 1.5,False,,,,,,,,,,,
sd15_rich,sd15_0045.png,1,SD 1.5,True,26.046656546030444,0.9797170376706972,0.8041730510236557,1.913648450917829,0.3015398770288776,0.4397526621501041,3.0207582166491704,2.3447320769042124,0.2108628541617179,0.3547765674782726,0.0
sd15_rich,sd15_0046.png,1,SD 1.5,False,,,,,,,,,,,
sd15_rich,sd15_0047.png,1,SD 1.5,True,105.93091926664816,0.9003413306287592,0.7186601424099974,1.1716517756849072,0.1519980516028055,0.9261185377194798,4.467549714197318,2.886348615654358,0.6027754298371455,,0.5
sd15_rich,sd15_0048.png,1,SD 1.5,False,,,,,,,,,,,
sd15_rich,sd15_0049.png,1,SD 1.5,True,14.238746204141902,0.9062179420652944,0.7364693006407523,1.972466580339875,0.2396095110573148,0.4560116205826697,5.546094000904887,4.14797761710163,0.1589765994284514,0.411314952057527,0.0
sd15_rich,sd15_0050.png,1,SD 1.5,True,13.801273902781162,1.077709599457375,0.8933369597021878,2.1508386205267613,0.2781781487643462,0.5091403545927183,0.7110886460737333,0.474715904940848,0.1062375252090246,0.2516484597860522,0.0
sd15_rich,sd15_0051.png,1,SD 1.5,True,1132.369430145994,1.008754932791285,0.8270446610461335,2.006864011388899,0.3283176921985408,0.7100199819090343,3.3758094039429807,2.2878837247927017,2.870529335526227,1.6006671492777222,0.25
sd15_rich,sd15_0052.png,1,SD 1.5,True,2040.1942323792136,0.8667454691149095,0.6803386335910685,1.670879997809279,0.243837463387623,0.8927315511016489,9.343040485712336,7.360510202945754,14.446755127443655,0.2336993602920127,0.0
sd15_rich,sd15_0053.png,1,SD 1.5,True,245.37299487781803,0.9195581903505168,0.7514703574994306,1.6010609025586675,0.2396129503221285,0.3432978358239686,2.350793812241534,1.4136809761843652,2.7114408399315333,,0.6666666666666666
sd15_rich,sd15_0054.png,1,SD 1.5,True,138.97755815455082,0.977742317361146,0.8231379521725352,1.64107661179068,0.2325697450565153,0.6527824606933419,1.412988619850708,0.9301495846929324,0.2554181017265239,0.0942048246417002,0.0
sd15_rich,sd15_0055.png,1,SD 1.5,False,,,,,,,,,,,
sd15_rich,sd15_0056.png,1,SD 1.5,False,,,,,,,,,,,
sd15_rich,sd15_0057.png,1,SD 1.5,False,,,,,,,,,,,
sd15_rich,sd15_0058.png,1,SD 1.5,False,,,,,,,,,,,
sd15_rich,sd15_0059.png,1,SD 1.5,False,,,,,,,,,,,
sd15_rich,sd15_0060.png,1,SD 1.5,True,21.89322898729781,0.9899135187934476,0.8244846342877871,2.0346743499904343,0.3146301166153439,0.6865067142777375,2.9392990698743238,2.1828500534786164,0.1097439587006211,0.3170669207923327,0.25
sd15_rich,sd15_0061.png,1,SD 1.5,False,,,,,,,,,,,
sd15_rich,sd15_0062.png,1,SD 1.5,True,3.4354198043549578,0.9588552048596376,0.7972936843407911,1.704697258829877,0.2571627749872098,0.4391559994463652,76.11225221795408,44.05516843110095,2.449524892860317,0.224533082670737,0.5
sd15_rich,sd15_0063.png,1,SD 1.5,True,209.5590999716918,0.8694692879667435,0.6558797584396052,1.1442342927226123,0.1317327597833182,0.6116310473618727,0.611469585429262,0.4451958442388004,0.2982133945721478,,1.0
sd15_rich,sd15_0064.png,1,SD 1.5,False,,,,,,,,,,,
sd15_rich,sd15_0065.png,1,SD 1.5,True,277055.93643882626,0.8381045167511451,0.6436240095730558,0.9609575877830004,0.1063008548733135,0.4987127203536583,1.4962161591545424,1.030129363003857,499.79569253037,,
sd15_rich,sd15_0066.png,1,SD 1.5,True,42.0149636881753,0.920639846410624,0.7383929740163229,1.480521541441356,0.2011034354253141,0.4760957732802686,1.9127709321380733,1.254921638743297,0.3318378432749401,,1.0
sd15_rich,sd15_0067.png,1,SD 1.5,True,278.35138532458075,0.9252634144395908,0.7552667677174068,1.2256311899567465,0.1704586705294791,0.4194777090893576,0.7484184827675193,0.4890970613926902,1.3263331698258412,,0.6666666666666666
sd15_rich,sd15_0068.png,1,SD 1.5,False,,,,,,,,,,,
sd15_rich,sd15_0069.png,1,SD 1.5,False,,,,,,,,,,,
sd15_rich,sd15_0070.png,1,SD 1.5,False,,,,,,,,,,,
sd15_rich,sd15_0071.png,1,SD 1.5,False,,,,,,,,,,,
sd15_rich,sd15_0072.png,1,SD 1.5,False,,,,,,,,,,,
sd15_rich,sd15_0073.png,1,SD 1.5,False,,,,,,,,,,,
sd15_rich,sd15_0074.png,1,SD 1.5,True,10.970782067073872,0.9853171302048214,0.8041003671592794,1.717606279955607,0.2398334391100261,0.7913791742299097,9.324738742284993,7.428397187712456,0.7696368528712003,0.5871372668031842,0.5
sd15_rich,sd15_0075.png,1,SD 1.5,True,153.84535807706544,0.8007600873988379,0.6140931682845993,0.8929454066993459,0.1235112080972059,0.4506580380071522,2.7959995703411096,1.7134437300008765,2.1234530809765064,0.424491910061489,0.0
sd15_rich,sd15_0076.png,1,SD 1.5,True,42.14733368617279,0.8833709413464277,0.7030739992849288,1.2320872033924428,0.1750495494614776,0.3492037173191992,1.4035644880101472,1.0907183868343588,0.3988291706029976,,0.6666666666666666
sd15_rich,sd15_0077.png,1,SD 1.5,True,9.903655101230411,0.9699012416137552,0.80339417536313,1.827147475366751,0.2995221651927207,0.592329208351819,1.5723624884209215,1.0520206757008972,0.0192322748510734,1.0852494002383466,0.25
sd15_rich,sd15_0078.png,1,SD 1.5,False,,,,,,,,,,,
sd15_rich,sd15_0079.png,1,SD 1.5,True,113.3890914540739,0.870967685064947,0.669763596501353,1.4556414368882238,0.2294135830029392,0.4305348737150042,10.078979224781577,8.024548379120926,0.5975936961275498,0.1606173424666028,0.0
sd15_rich,sd15_0080.png,1,SD 1.5,False,,,,,,,,,,,
sd15_rich,sd15_0081.png,1,SD 1.5,False,,,,,,,,,,,
sd15_rich,sd15_0082.png,1,SD 1.5,False,,,,,,,,,,,
sd15_rich,sd15_0083.png,1,SD 1.5,False,,,,,,,,,,,
sd15_rich,sd15_0084.png,1,SD 1.5,False,,,,,,,,,,,
sd15_rich,sd15_0085.png,1,SD 1.5,True,38734.4931385113,0.8848673364869288,0.684040573700379,1.0723252500633758,0.1626646907040615,0.2325896304960289,2.7161391134953305,1.7430916425020366,2.1920866821972127,,
sd15_rich,sd15_0086.png,1,SD 1.5,False,,,,,,,,,,,
sd15_rich,sd15_0087.png,1,SD 1.5,False,,,,,,,,,,,
sd15_rich,sd15_0088.png,1,SD 1.5,False,,,,,,,,,,,
sd15_rich,sd15_0089.png,1,SD 1.5,False,,,,,,,,,,,
sd15_rich,sd15_0090.png,1,SD 1.5,False,,,,,,,,,,,
sd15_rich,sd15_0091.png,1,SD 1.5,False,,,,,,,,,,,
sd15_rich,sd15_0092.png,1,SD 1.5,False,,,,,,,,,,,
sd15_rich,sd15_0093.png,1,SD 1.5,True,29.402769503296827,0.9434624494687583,0.778379548198144,2.0370031763030667,0.2733831265805916,0.4419077903004378,1.2161665960776276,0.7048891568485336,0.2007354955773149,0.8466273826307598,0.25
sd15_rich,sd15_0094.png,1,SD 1.5,False,,,,,,,,,,,
sd15_rich,sd15_0095.png,1,SD 1.5,False,,,,,,,,,,,
sd15_rich,sd15_0096.png,1,SD 1.5,False,,,,,,,,,,,
sd15_rich,sd15_0097.png,1,SD 1.5,True,33.43017075279779,1.0242447988210903,0.8554150707828186,2.5433486182424496,0.3588585286436354,0.2484363291482426,34.83786770295692,30.124830050069253,15.60472341205232,0.6872109758029099,0.25
sd15_rich,sd15_0098.png,1,SD 1.5,False,,,,,,,,,,,
sd15_rich,sd15_0099.png,1,SD 1.5,False,,,,,,,,,,,
sd15_rich,sd15_0100.png,1,SD 1.5,False,,,,,,,,,,,
sd15_rich,sd15_0101.png,1,SD 1.5,True,1036.542595230002,0.9393244193668912,0.7677016967294301,2.5523189860606026,0.3323500356801174,0.3103320524668132,0.3281798388602794,0.2220334802091564,1.352377834517175,2.257659831707695,0.0
sd15_rich,sd15_0102.png,1,SD 1.5,False,,,,,,,,,,,
sd15_rich,sd15_0103.png,1,SD 1.5,False,,,,,,,,,,,
sd15_rich,sd15_0104.png,1,SD 1.5,False,,,,,,,,,,,
sd15_rich,sd15_0105.png,1,SD 1.5,False,,,,,,,,,,,
sd15_rich,sd15_0106.png,1,SD 1.5,False,,,,,,,,,,,
sd15_rich,sd15_0107.png,1,SD 1.5,True,71.15623371983371,0.9611455473557058,0.7863063755773136,3.4186386386269287,0.4007686496987948,0.6678086132690461,5.358055357728475,4.292745890855177,1.722698624805075,0.1185394819288161,0.3333333333333333
sd15_rich,sd15_0108.png,1,SD 1.5,False,,,,,,,,,,,
sd15_rich,sd15_0109.png,1,SD 1.5,True,35.4609362170274,0.9532350313927332,0.7783274983925845,1.6913013678925506,0.2552566496417045,0.4734449533391637,1.6064877881233457,1.189633795087649,0.1116855649419282,1.4063321150115948,0.0
sd15_rich,sd15_0110.png,1,SD 1.5,False,,,,,,,,,,,
sd15_rich,sd15_0111.png,1,SD 1.5,False,,,,,,,,,,,
sd15_rich,sd15_0112.png,1,SD 1.5,False,,,,,,,,,,,
sd15_rich,sd15_0113.png,1,SD 1.5,False,,,,,,,,,,,
sd15_rich,sd15_0114.png,1,SD 1.5,False,,,,,,,,,,,
sd15_rich,sd15_0115.png,1,SD 1.5,False,,,,,,,,,,,
sd15_rich,sd15_0116.png,1,SD 1.5,False,,,,,,,,,,,
sd15_rich,sd15_0117.png,1,SD 1.5,True,66.2396728918019,0.9780654938563186,0.8107365160934036,2.3370320637005326,0.3329377347500148,0.3480265607777174,6.034747129053727,4.286583192727471,0.5277851167031807,0.8093724409911589,0.0
sd15_rich,sd15_0118.png,1,SD 1.5,False,,,,,,,,,,,
sd15_rich,sd15_0119.png,1,SD 1.5,False,,,,,,,,,,,
sd15_rich,sd15_0120.png,1,SD 1.5,False,,,,,,,,,,,
sd15_rich,sd15_0121.png,1,SD 1.5,False,,,,,,,,,,,
sd15_rich,sd15_0122.png,1,SD 1.5,False,,,,,,,,,,,
sd15_rich,sd15_0123.png,1,SD 1.5,True,533.0879416467646,0.7686556235505708,0.5950418445534865,0.702807687852303,0.0494977798431773,0.664561480496008,2.800742696397876,1.863819342683424,0.9897527179210244,,0.5
sd15_rich,sd15_0124.png,1,SD 1.5,False,,,,,,,,,,,
sd15_rich,sd15_0125.png,1,SD 1.5,True,44.06989787113245,0.917709834018942,0.7318281078922183,1.7011200433533695,0.2555292369950988,0.4453156230389452,3.200475482616028,2.3184217761291537,0.4023296876556724,,1.0
sd15_rich,sd15_0126.png,1,SD 1.5,True,38.888256056543504,0.8821484816373142,0.7052627929620238,1.4571480652858964,0.2079651862246982,0.5862058647268664,5.263808304927636,3.073415476609964,2.2033524414938954,0.585433301265744,0.0
sd15_rich,sd15_0127.png,1,SD 1.5,True,873.4583261554906,0.8324924094189196,0.6644275986673013,0.8311520117654729,0.0996675043988835,0.7794938934732515,1.334703349076861,0.771945411033289,1.8196532353293136,,1.0
sd15_rich,sd15_0128.png,1,SD 1.5,False,,,,,,,,,,,
sd15_rich,sd15_0129.png,1,SD 1.5,False,,,,,,,,,,,
sd15_rich,sd15_0130.png,1,SD 1.5,True,13.344448148945371,0.868634856914541,0.7217241169167549,1.8364715782272836,0.2392666295234947,0.6370322561577862,6.140317117539524,3.8067157206677504,0.2034821909716634,0.2353651179542844,0.0
sd15_rich,sd15_0131.png,1,SD 1.5,True,76.12629756091661,0.896797252287181,0.7282297247013717,1.4359333632253042,0.2041347753295803,0.6616997028545016,6.306555678105099,3.693498639130501,0.5639837216772267,,1.0
sd15_rich,sd15_0132.png,1,SD 1.5,False,,,,,,,,,,,
sd15_rich,sd15_0133.png,1,SD 1.5,True,277.6254282838455,0.9722626205182708,0.797658401067348,2.4566236951813005,0.3036410217266856,0.6238103422639653,1.5460740420919734,0.9251460520725246,2.975668133140674,0.328246437071809,0.3333333333333333
sd15_rich,sd15_0134.png,1,SD 1.5,False,,,,,,,,,,,
sd15_rich,sd15_0135.png,1,SD 1.5,True,95.73675320285372,0.7775463746462269,0.6012450304096084,1.0972671383206258,0.0950742563293869,0.7930619646343334,29.81388475360928,22.823345177598508,24.69362481013789,1.806851867842222,0.3333333333333333
sd15_rich,sd15_0136.png,1,SD 1.5,False,,,,,,,,,,,
sd15_rich,sd15_0137.png,1,SD 1.5,False,,,,,,,,,,,
sd15_rich,sd15_0138.png,1,SD 1.5,False,,,,,,,,,,,
sd15_rich,sd15_0139.png,1,SD 1.5,True,227.08705538956,0.6042225911542827,0.4089776955806393,1.513200514289046,0.1523964288357717,0.9921430419193158,4.647817117311803,3.257028463390312,3.5588696048951225,,0.5
sd15_rich,sd15_0140.png,1,SD 1.5,False,,,,,,,,,,,
sd15_rich,sd15_0141.png,1,SD 1.5,True,50.93580234442782,0.9886200693244116,0.828447196977181,2.018904941832114,0.3418789074934543,0.6162594287836087,2.2607507539837,1.733480286817301,0.8270756953252532,,0.75
sd15_rich,sd15_0142.png,1,SD 1.5,False,,,,,,,,,,,
sd15_rich,sd15_0143.png,1,SD 1.5,True,48.89443180358703,0.8820122586192852,0.7158243019770812,1.8247108179077929,0.2574682174559093,0.5251004218447963,1.5776463308998672,0.9947178997986592,0.462557805793545,,0.6666666666666666
sd15_rich,sd15_0144.png,1,SD 1.5,False,,,,,,,,,,,
sd15_rich,sd15_0145.png,1,SD 1.5,True,150.91740101476125,0.9103976449186508,0.755032320076941,0.9191536923554704,0.0600409923052718,0.5396788415393495,0.9505679300097114,0.7055643002387385,1.194850524666803,0.2375392550011046,0.0
sd15_rich,sd15_0146.png,1,SD 1.5,False,,,,,,,,,,,
sd15_rich,sd15_0147.png,1,SD 1.5,True,37.4429260731963,0.887383719398495,0.7001378195544081,1.7424301237264022,0.2515581452306678,0.4094574850146223,2.045001365976546,1.1839114386287122,0.0558323485783872,,0.6666666666666666
sd15_rich,sd15_0148.png,1,SD 1.5,False,,,,,,,,,,,
sd15_rich,sd15_0149.png,1,SD 1.5,True,138.7127987441071,0.9227059290434052,0.7540013260584232,1.788546140260268,0.2637106679638055,0.393611348911471,2.129691063338285,1.636502776606043,0.0548100321388449,0.0126799689439254,0.0
sd15_rich,sd15_0150.png,1,SD 1.5,False,,,,,,,,,,,
sd15_rich,sd15_0151.png,1,SD 1.5,False,,,,,,,,,,,
sd15_rich,sd15_0152.png,1,SD 1.5,False,,,,,,,,,,,
sd15_rich,sd15_0153.png,1,SD 1.5,False,,,,,,,,,,,
sd15_rich,sd15_0154.png,1,SD 1.5,False,,,,,,,,,,,
sd15_rich,sd15_0155.png,1,SD 1.5,False,,,,,,,,,,,
sd15_rich,sd15_0156.png,1,SD 1.5,False,,,,,,,,,,,
sd15_rich,sd15_0157.png,1,SD 1.5,True,75.89375733339719,0.9676924097529374,0.7741140442056388,1.7071724459252966,0.2757331476874896,0.5187333485507637,2.2056106046509427,1.514252575118662,0.4049139487666416,2.712878636528157,0.0
sd15_rich,sd15_0158.png,1,SD 1.5,False,,,,,,,,,,,
sd15_rich,sd15_0159.png,1,SD 1.5,False,,,,,,,,,,,
sd15_rich,sd15_0160.png,1,SD 1.5,False,,,,,,,,,,,
sd15_rich,sd15_0161.png,1,SD 1.5,False,,,,,,,,,,,
sd15_rich,sd15_0162.png,1,SD 1.5,False,,,,,,,,,,,
sd15_rich,sd15_0163.png,1,SD 1.5,True,32.64502468930653,0.8745763059314164,0.6881600783667744,1.7042255125713166,0.2477685722218333,0.5159924333644995,5.925919113406934,3.933822358756476,0.3240542107637704,,1.0
sd15_rich,sd15_0164.png,1,SD 1.5,False,,,,,,,,,,,
sd15_rich,sd15_0165.png,1,SD 1.5,True,916.615326634882,0.9085726791716427,0.7049811564733018,1.2471033938233451,0.1973293829330071,0.3814538788308583,2.746647044148545,1.9411587698018804,0.2332609767575172,,1.0
sd15_rich,sd15_0166.png,1,SD 1.5,False,,,,,,,,,,,
sd15_rich,sd15_0167.png,1,SD 1.5,False,,,,,,,,,,,
sd15_rich,sd15_0168.png,1,SD 1.5,False,,,,,,,,,,,
sd15_rich,sd15_0169.png,1,SD 1.5,False,,,,,,,,,,,
sd15_rich,sd15_0170.png,1,SD 1.5,False,,,,,,,,,,,
sd15_rich,sd15_0171.png,1,SD 1.5,True,47.044907262081296,0.7759106817191742,0.6039314989156728,0.7599737997455448,0.0692891823083457,0.5515324751283683,0.8249863619160891,0.4914108109906721,0.3110737804407718,0.3272673992647865,0.0
sd15_rich,sd15_0172.png,1,SD 1.5,True,38706.30473122362,0.9542198736959732,0.7757226357921968,1.7748555693360668,0.2484428253415963,0.2235827354886358,1.3108559290013346,0.798787116103332,105.61064214209038,,
sd15_rich,sd15_0173.png,1,SD 1.5,True,,1.000072110777957,0.8371929666391376,2.0679745045829634,0.2633829929128504,0.3145734866401089,71.39529047257356,41.70341088956832,2.9434800059142545,,
sd15_rich,sd15_0174.png,1,SD 1.5,False,,,,,,,,,,,
sd15_rich,sd15_0175.png,1,SD 1.5,True,226.65786811802545,0.9159855687950684,0.7434217737595824,1.2461188679005772,0.1783256148941359,0.2979476693730529,6.579487840167957,4.116242645161231,0.8627519347324091,,1.0
sd15_rich,sd15_0176.png,1,SD 1.5,False,,,,,,,,,,,
sd15_rich,sd15_0177.png,1,SD 1.5,True,54.82354185850496,0.8542560196660761,0.6918120677949392,0.8068533535514913,0.0545187483045261,0.4047167248334562,3.9462801359780286,2.4010449476078715,0.1335113774517812,0.1016423123506831,0.0
sd15_rich,sd15_0178.png,1,SD 1.5,True,118.1511939243208,0.9497664347699984,0.782093559561338,3.0126083589157693,0.4056487052824258,0.4626678686893468,47.89916199542261,29.773301950597546,28.370128436511514,1.1938120617787105,0.0
sd15_rich,sd15_0179.png,1,SD 1.5,True,406.763527196884,0.9089234292985636,0.7146836707285779,1.650623525676004,0.246125483646534,0.6489982645533456,2.127158633192323,1.2421780678195125,8.769709637413092,1.120126363331484,0.5
sd15_rich,sd15_0180.png,1,SD 1.5,False,,,,,,,,,,,
sd15_rich,sd15_0181.png,1,SD 1.5,True,168.28271667497498,0.9445180138452646,0.7671063296082279,1.3129059358303148,0.1902144310804158,0.3989368678179226,2.713776133958291,2.044237352269977,0.2766269432650465,,1.0
sd15_rich,sd15_0182.png,1,SD 1.5,True,163.8653584720279,0.8703482116263537,0.6972391921207457,1.5847605148448545,0.2406288589365824,0.6221236764955038,4.430145997185306,3.628447697501796,8.333288955148587,0.7091149626072468,0.3333333333333333
sd15_rich,sd15_0183.png,1,SD 1.5,False,,,,,,,,,,,
sd15_rich,sd15_0184.png,1,SD 1.5,False,,,,,,,,,,,
sd15_rich,sd15_0185.png,1,SD 1.5,False,,,,,,,,,,,
sd15_rich,sd15_0186.png,1,SD 1.5,False,,,,,,,,,,,
sd15_rich,sd15_0187.png,1,SD 1.5,False,,,,,,,,,,,
sd15_rich,sd15_0188.png,1,SD 1.5,True,61.754454807733374,0.9621521805374116,0.808093478833861,1.9506786252689368,0.2708570579269467,0.486622290672826,6.680396685777637,3.9390520674421072,1.4402276689899771,,1.0
sd15_rich,sd15_0189.png,1,SD 1.5,True,56.46015841091727,1.0309752839166844,0.8707018188658371,2.048720791034013,0.3441775207346932,0.4281201056625051,2.7200543205776317,1.80264931084014,0.5163335742784401,0.7369887482028847,0.0
sd15_rich,sd15_0190.png,1,SD 1.5,False,,,,,,,,,,,
sd15_rich,sd15_0191.png,1,SD 1.5,True,78.54167670626423,0.9180194370419514,0.7455507275042995,1.2368003060336443,0.1779142179330954,0.7189632450778078,1.9262112900299115,1.3010959062125047,0.0833301604160217,,1.0
sd15_rich,sd15_0192.png,1,SD 1.5,False,,,,,,,,,,,
sd15_rich,sd15_0193.png,1,SD 1.5,False,,,,,,,,,,,
sd15_rich,sd15_0194.png,1,SD 1.5,True,12.815261315648623,0.9730014030146272,0.8242832331449317,2.160784355172992,0.3601752621268924,0.3733411990502659,4.875081860062082,3.5917807058424804,0.1003466052181742,0.9551456114889172,0.0
sd15_rich,sd15_0195.png,1,SD 1.5,False,,,,,,,,,,,
sd15_rich,sd15_0196.png,1,SD 1.5,False,,,,,,,,,,,
sd15_rich,sd15_0197.png,1,SD 1.5,True,7.977630079905411,0.9295803183380787,0.7567221694876926,1.1872757074022315,0.1713933567357743,0.3508443581575075,4.044663036822982,2.6369325432194275,0.1775202484181731,,0.6666666666666666
sd15_rich,sd15_0198.png,1,SD 1.5,False,,,,,,,,,,,
sd15_rich,sd15_0199.png,1,SD 1.5,False,,,,,,,,,,,
sd15_rich,sd15_0200.png,1,SD 1.5,False,,,,,,,,,,,
sd15_rich,sd15_0201.png,1,SD 1.5,False,,,,,,,,,,,
sd15_rich,sd15_0202.png,1,SD 1.5,False,,,,,,,,,,,
sd15_rich,sd15_0203.png,1,SD 1.5,True,201.66960244288552,0.7666991881795803,0.5886881519283287,0.876404711684761,0.1098102887170523,0.7962332938101395,1.7878076981471054,1.393585587695524,1.2173631443090585,,0.5
sd15_rich,sd15_0204.png,1,SD 1.5,True,58.868118455573885,0.9347252895359892,0.7430274795532416,1.7080749655423972,0.2380629569955802,0.3986807714968219,4.337610449035012,2.6612306890375086,0.5502159760494855,,1.0
sd15_rich,sd15_0205.png,1,SD 1.5,False,,,,,,,,,,,
sd15_rich,sd15_0206.png,1,SD 1.5,True,104.71602353060196,0.9289698816610712,0.7247657876555929,1.172156458414235,0.1785104733846209,0.7860635951845804,4.881420974479113,3.405040308119038,2.6690348052428403,0.3244891917145125,0.0
sd15_rich,sd15_0207.png,1,SD 1.5,True,122.38791983805552,0.8874688874000225,0.719518763836694,1.996746542513216,0.2607632556120169,0.3618019865807312,1.7721964243381478,1.3862313460369653,0.9248431594607988,,0.5
sd15_rich,sd15_0208.png,1,SD 1.5,True,33.925382042294736,0.8774404207302214,0.695805159920614,1.6467674028185195,0.22224737536839,0.5446894436411616,2.85738675497376,1.86340828321325,0.1842051450780878,0.0329833111677029,0.3333333333333333
sd15_rich,sd15_0209.png,1,SD 1.5,False,,,,,,,,,,,
sd15_rich,sd15_0210.png,1,SD 1.5,True,340.07843409132875,1.0275737272753955,0.8746431641666834,1.8203440290228023,0.2570573970528046,0.8441305073048204,2.8068470833088384,2.155785935993842,2.792958384853575,,1.0
sd15_rich,sd15_0211.png,1,SD 1.5,False,,,,,,,,,,,
sd15_rich,sd15_0212.png,1,SD 1.5,False,,,,,,,,,,,
sd15_rich,sd15_0213.png,1,SD 1.5,True,90.29974392753432,0.9193285872813772,0.7265098186853087,1.381732743274648,0.2196680745966356,0.1741387662382072,5.841944958186602,4.627445679239481,0.7049828026739264,0.074109932737076,0.3333333333333333
sd15_rich,sd15_0214.png,1,SD 1.5,False,,,,,,,,,,,
sd15_rich,sd15_0215.png,1,SD 1.5,False,,,,,,,,,,,
sd15_rich,sd15_0216.png,1,SD 1.5,False,,,,,,,,,,,
sd15_rich,sd15_0217.png,1,SD 1.5,False,,,,,,,,,,,
sd15_rich,sd15_0218.png,1,SD 1.5,False,,,,,,,,,,,
sd15_rich,sd15_0219.png,1,SD 1.5,True,2011.442792597764,0.7544423460419742,0.5650830998663318,0.695222868543518,0.0917188527711775,0.8612057148537476,5.141319460639778,3.088897974328105,9.348562257408114,,0.5
sd15_rich,sd15_0220.png,1,SD 1.5,True,3.956797245718236,0.9183374441334684,0.7416214671001967,1.3374333426060725,0.1878518063540808,0.375338507156108,2.9115035091234205,2.5236609685855096,0.1180101082066611,0.3025747205366222,0.0
sd15_rich,sd15_0221.png,1,SD 1.5,True,58.83959998526979,0.9946449080273284,0.8366117211591789,1.760455170571481,0.2765547586722555,0.3870937518820224,2.796007880210496,1.7294714238498583,0.3337060089570457,0.4654176288509193,0.25
sd15_rich,sd15_0222.png,1,SD 1.5,False,,,,,,,,,,,
sd15_rich,sd15_0223.png,1,SD 1.5,True,51.54010879844336,1.0139699066125551,0.818456758847637,1.527467411172708,0.2225106371793347,0.3544643954533767,1.3506892112398816,1.012997963479282,0.0512351988967833,,0.75
sd15_rich,sd15_0224.png,1,SD 1.5,False,,,,,,,,,,,
sd15_rich,sd15_0225.png,1,SD 1.5,True,106.14660946406867,0.8798921843850354,0.7238218619379645,1.1740475787850382,0.1502016958843145,0.3163419693557093,5.0718367934667725,3.100372075208488,0.1198457702918987,0.0300038160312103,0.3333333333333333
sd15_rich,sd15_0226.png,1,SD 1.5,False,,,,,,,,,,,
sd15_rich,sd15_0227.png,1,SD 1.5,False,,,,,,,,,,,
sd15_rich,sd15_0228.png,1,SD 1.5,False,,,,,,,,,,,
sd15_rich,sd15_0229.png,1,SD 1.5,True,162.35689180696946,0.8971259496382338,0.7001641578181135,1.238577763862855,0.1862411755110146,0.3830064342842691,1.3543695675210046,1.0760742094765756,0.7654709181412784,,0.5
sd15_rich,sd15_0230.png,1,SD 1.5,False,,,,,,,,,,,
sd15_rich,sd15_0231.png,1,SD 1.5,False,,,,,,,,,,,
sd15_rich,sd15_0232.png,1,SD 1.5,False,,,,,,,,,,,
sd15_rich,sd15_0233.png,1,SD 1.5,False,,,,,,,,,,,
sd15_rich,sd15_0234.png,1,SD 1.5,False,,,,,,,,,,,
sd15_rich,sd15_0235.png,1,SD 1.5,False,,,,,,,,,,,
sd15_rich,sd15_0236.png,1,SD 1.5,False,,,,,,,,,,,
sd15_rich,sd15_0237.png,1,SD 1.5,True,33.49265545414185,0.8786183302161643,0.7179112950967715,1.86439453791406,0.223349672391924,0.8351458980016938,70.17985929650631,40.932520357751166,4.962283573533098,0.7560746866994181,0.5
sd15_rich,sd15_0238.png,1,SD 1.5,False,,,,,,,,,,,
sd15_rich,sd15_0239.png,1,SD 1.5,True,28.286773883589667,0.8186271372490763,0.6428771347979383,1.3781806167904582,0.2047334525599349,0.4454500790858839,1.139295877993817,0.8384390256802985,0.4230105156774608,0.4791101431754381,0.25
sd15_rich,sd15_0240.png,1,SD 1.5,False,,,,,,,,,,,
sd15_rich,sd15_0241.png,1,SD 1.5,False,,,,,,,,,,,
sd15_rich,sd15_0242.png,1,SD 1.5,True,72.14421521388661,1.0143166132256276,0.8319224553745159,1.5647537060825325,0.2499573337113228,0.8195307440884824,8.428757538657862,5.93317965961037,0.412774524196512,0.6245814272743146,0.0
sd15_rich,sd15_0243.png,1,SD 1.5,True,36.49257629498428,0.9220412851108462,0.7474872133719785,1.768022351420428,0.2565582017121611,0.5047145217103535,8.803350763572894,5.343267961678935,0.6405303174326488,,1.0
sd15_rich,sd15_0244.png,1,SD 1.5,True,6.703802101343238,0.956388841665654,0.7942287379642765,1.604160961865236,0.2277852987835092,0.3995532131971808,3.830705274207716,2.863474978506534,0.1031434098800804,0.0943213781172724,0.3333333333333333
sd15_rich,sd15_0245.png,1,SD 1.5,True,17.443709141608732,1.006501808539766,0.8411436489049617,1.477199234092501,0.229976549774816,0.2603233182312017,5.6612208457479625,4.506940414759745,0.1164820143488121,0.086810663232943,0.0
sd15_rich,sd15_0246.png,1,SD 1.5,False,,,,,,,,,,,
sd15_rich,sd15_0247.png,1,SD 1.5,False,,,,,,,,,,,
sd15_rich,sd15_0248.png,1,SD 1.5,False,,,,,,,,,,,
sd15_rich,sd15_0249.png,1,SD 1.5,False,,,,,,,,,,,
sd15_pilot,sd15_0000.png,1,SD 1.5,False,,,,,,,,,,,
sd15_pilot,sd15_0001.png,1,SD 1.5,False,,,,,,,,,,,
sd15_pilot,sd15_0002.png,1,SD 1.5,False,,,,,,,,,,,
sd15_pilot,sd15_0003.png,1,SD 1.5,False,,,,,,,,,,,
sd15_pilot,sd15_0004.png,1,SD 1.5,False,,,,,,,,,,,
sd15_pilot,sd15_0005.png,1,SD 1.5,True,24.07059216835913,0.9845777862699604,0.8294549689544042,2.138472014258089,0.3143123288710706,0.632136137469103,0.2879340051054697,0.1665550050444029,0.0619224131421786,0.0871156915939019,0.25
sd15_pilot,sd15_0006.png,1,SD 1.5,False,,,,,,,,,,,
sd15_pilot,sd15_0007.png,1,SD 1.5,True,28.08182307711937,0.9668470265132308,0.83377441543468,2.418845239790538,0.3127277044871026,0.9282169127170872,39.93440534015215,26.630924883702715,3.526667120043405,,1.0
sd15_pilot,sd15_0008.png,1,SD 1.5,False,,,,,,,,,,,
sd15_pilot,sd15_0009.png,1,SD 1.5,False,,,,,,,,,,,
sd15_pilot,sd15_0010.png,1,SD 1.5,False,,,,,,,,,,,
sd15_pilot,sd15_0011.png,1,SD 1.5,False,,,,,,,,,,,
sd15_pilot,sd15_0012.png,1,SD 1.5,False,,,,,,,,,,,
sd15_pilot,sd15_0013.png,1,SD 1.5,False,,,,,,,,,,,
sd15_pilot,sd15_0014.png,1,SD 1.5,True,103.15434938869132,0.9837295092486834,0.8214925804458724,1.7116717173452138,0.2695444395646731,0.6851760101899819,0.4801038939726965,0.3248696578776135,0.8307132402714462,1.7461259300048164,0.5
sd15_pilot,sd15_0015.png,1,SD 1.5,True,110.83041763795066,0.9773287502480136,0.8179914127661294,4.431229853763573,0.5435503708948014,0.6012263744416892,3.878977399170082,2.921687998468524,0.2398788305250953,2.0125148664870327,0.25
sd15_pilot,sd15_0016.png,1,SD 1.5,True,78.78671446377358,1.001020330473702,0.8366412681659186,1.8881160121702656,0.3075013342010647,0.4348116280994499,1.7200840728503266,1.0254675765692114,0.8593460607535012,0.5370671544104688,0.5
sd15_pilot,sd15_0017.png,1,SD 1.5,True,286.647410233994,0.8926299474793231,0.7241713910594191,1.5168408083893523,0.2295085997566502,0.7799397577736401,4.854739924311062,3.0680363670477298,2.458815041928876,0.2958862491456484,0.0
sd15_pilot,sd15_0018.png,1,SD 1.5,True,23.25401269624381,0.896966618314325,0.7309805522829332,1.7435660640233073,0.1852165956671355,0.96157109245523,44.3559430747631,26.42667951251457,1.747198304633742,0.9639596896272202,0.25
sd15_pilot,sd15_0019.png,1,SD 1.5,True,8.049676242173145,0.9863988349249972,0.8169523616586557,1.492214264590169,0.195557540682415,0.6822452181449757,3.1484300485883665,2.058330778011865,0.0561627161320239,0.5977419034445779,0.0
sd15_pilot,sd15_0020.png,1,SD 1.5,False,,,,,,,,,,,
sd15_pilot,sd15_0021.png,1,SD 1.5,False,,,,,,,,,,,
sd15_pilot,sd15_0022.png,1,SD 1.5,True,21.000660191042808,0.9886329324443818,0.8264567703239047,2.130690579916484,0.3215705235939433,0.7906528453824662,1.2979011659822248,0.7548010128113087,0.4046390372407141,0.6537481230588424,0.5
sd15_pilot,sd15_0023.png,1,SD 1.5,True,34.61676541816927,0.8493052071137587,0.6807790573808112,1.5618857201057077,0.2191223138536802,0.4444716680367019,3.6223414503909055,2.762954760306472,0.4312447546400424,,1.0
sd15_pilot,sd15_0024.png,1,SD 1.5,False,,,,,,,,,,,
sd15_pilot,sd15_0025.png,1,SD 1.5,True,217.410639681323,0.8770540666990588,0.6831690088589117,1.1164025897840346,0.1508801098088908,0.387625265824437,0.8065881762094733,0.5726166286787008,0.5135465334251983,1.936688037713397,0.3333333333333333
sd15_pilot,sd15_0026.png,1,SD 1.5,False,,,,,,,,,,,
sd15_pilot,sd15_0027.png,1,SD 1.5,False,,,,,,,,,,,
sd15_pilot,sd15_0028.png,1,SD 1.5,False,,,,,,,,,,,
sd15_pilot,sd15_0029.png,1,SD 1.5,False,,,,,,,,,,,
sd15_pilot,sd15_0030.png,1,SD 1.5,False,,,,,,,,,,,
sd15_pilot,sd15_0031.png,1,SD 1.5,True,14.72599165430768,0.9534265071969696,0.7949434947152079,2.1426199214715766,0.2944241264443532,0.5292864238296864,0.6709953911244071,0.4249561286500636,0.0935993705079615,0.1259775633655993,0.3333333333333333
sd15_pilot,sd15_0032.png,1,SD 1.5,False,,,,,,,,,,,
sd15_pilot,sd15_0033.png,1,SD 1.5,True,374.1954534000783,0.9696788121312884,0.7919010904074819,4.097241875061226,0.4894271125161612,0.934829860204996,5.650570008528916,3.513843012429711,2.8920723903835825,1.2814185965034524,0.0
sd15_pilot,sd15_0034.png,1,SD 1.5,False,,,,,,,,,,,
sd15_pilot,sd15_0035.png,1,SD 1.5,False,,,,,,,,,,,
sd15_pilot,sd15_0036.png,1,SD 1.5,False,,,,,,,,,,,
sd15_pilot,sd15_0037.png,1,SD 1.5,False,,,,,,,,,,,
sd15_pilot,sd15_0038.png,1,SD 1.5,False,,,,,,,,,,,
sd15_pilot,sd15_0039.png,1,SD 1.5,False,,,,,,,,,,,
sd15_pilot,sd15_0040.png,1,SD 1.5,False,,,,,,,,,,,
sd15_pilot,sd15_0041.png,1,SD 1.5,False,,,,,,,,,,,
sd15_pilot,sd15_0042.png,1,SD 1.5,False,,,,,,,,,,,
sd15_pilot,sd15_0043.png,1,SD 1.5,False,,,,,,,,,,,
sd15_pilot,sd15_0044.png,1,SD 1.5,False,,,,,,,,,,,
sd15_pilot,sd15_0045.png,1,SD 1.5,True,99.5783233911935,0.9622554202339194,0.7992492725754641,1.386091788286964,0.1915378391657258,0.5646915942952503,0.143403263547782,0.0926378060955718,0.0105324745053084,0.0258796262088942,0.0
sd15_pilot,sd15_0046.png,1,SD 1.5,False,,,,,,,,,,,
sd15_pilot,sd15_0047.png,1,SD 1.5,False,,,,,,,,,,,
sd15_pilot,sd15_0048.png,1,SD 1.5,True,79.67773712969077,1.0012859963217868,0.8431797255583193,1.4441476957336703,0.2163397069678654,0.3759811917482927,16.164028741255976,11.848234153504343,0.8550498567104495,,1.0
sd15_pilot,sd15_0049.png,1,SD 1.5,False,,,,,,,,,,,
sd15_pilot,sd15_0050.png,1,SD 1.5,False,,,,,,,,,,,
sd15_pilot,sd15_0051.png,1,SD 1.5,True,32.708090616140105,0.9483321890598904,0.7749258438870076,2.534385339868468,0.3887611176161264,0.7585458604775844,4.4074145126992335,3.3264655559171232,0.1607956320473654,2.227967436372448,0.25
sd15_pilot,sd15_0052.png,1,SD 1.5,False,,,,,,,,,,,
sd15_pilot,sd15_0053.png,1,SD 1.5,True,72.61974440702618,0.8073214732544916,0.6357557631061512,1.6615999321837591,0.1973381804955037,0.322308395927411,5.205592030625027,3.9239090802780425,1.001761865839658,,1.0
sd15_pilot,sd15_0054.png,1,SD 1.5,False,,,,,,,,,,,
sd15_pilot,sd15_0055.png,1,SD 1.5,True,3.4340765970361247,1.026590709142924,0.8485607006041546,3.752862058003551,0.4850388401925852,0.9075026630989222,21.95748036312324,13.863793462365289,0.5941412086706601,2.498794768507027,0.5
sd15_pilot,sd15_0056.png,1,SD 1.5,False,,,,,,,,,,,
sd15_pilot,sd15_0057.png,1,SD 1.5,False,,,,,,,,,,,
sd15_pilot,sd15_0058.png,1,SD 1.5,False,,,,,,,,,,,
sd15_pilot,sd15_0059.png,1,SD 1.5,True,11.614318170029607,0.8626349453308096,0.69875229387408,1.1885663691608988,0.1600379697061108,0.4782376620434777,1.370568694434013,1.0084048948785,0.040115372227896,0.1771773034869941,0.0
sd15_pilot,sd15_0060.png,1,SD 1.5,False,,,,,,,,,,,
sd15_pilot,sd15_0061.png,1,SD 1.5,True,30.902536796880813,0.7567806456624916,0.5899728502710864,0.8442906223780344,0.1029238801561298,0.7437498000193297,2.316173970113013,1.364068648541643,0.0549390402021073,,0.5
sd15_pilot,sd15_0062.png,1,SD 1.5,False,,,,,,,,,,,
sd15_pilot,sd15_0063.png,1,SD 1.5,False,,,,,,,,,,,
sd15_pilot,sd15_0064.png,1,SD 1.5,False,,,,,,,,,,,
sd15_pilot,sd15_0065.png,1,SD 1.5,True,120.26683283387368,0.8597614636064221,0.6785480089869277,1.3828176798239382,0.1962088569484881,0.5693548066792503,3.294575896488766,2.303556537490117,0.0410598883128243,,0.6666666666666666
sd15_pilot,sd15_0066.png,1,SD 1.5,False,,,,,,,,,,,
sd15_pilot,sd15_0067.png,1,SD 1.5,False,,,,,,,,,,,
sd15_pilot,sd15_0068.png,1,SD 1.5,True,7.666268721562838,1.0609856942788105,0.8818637388589728,2.2195107555246656,0.3259031418122515,0.4625279187074653,3.3891860626983714,2.1197793114522194,0.1339496711636206,0.1793018632339329,0.0
sd15_pilot,sd15_0069.png,1,SD 1.5,False,,,,,,,,,,,
sd15_pilot,sd15_0070.png,1,SD 1.5,False,,,,,,,,,,,
sd15_pilot,sd15_0071.png,1,SD 1.5,True,18.30091140909466,1.0006869390995703,0.8430633881738108,2.779007355008812,0.3963791868792627,0.6606617381369023,2.115181958440701,1.3592631076656998,0.1013541252614625,1.7827084937929296,0.5
sd15_pilot,sd15_0072.png,1,SD 1.5,False,,,,,,,,,,,
sd15_pilot,sd15_0073.png,1,SD 1.5,False,,,,,,,,,,,
sd15_pilot,sd15_0074.png,1,SD 1.5,False,,,,,,,,,,,
sd15_pilot,sd15_0075.png,1,SD 1.5,True,181.54136851598037,1.0007698022878329,0.8238780056627084,3.086594948170834,0.3968380197974596,0.5628276256933417,0.1272462831003622,0.1033898759052051,0.3112976033884992,2.917954805840357,0.25
sd15_pilot,sd15_0076.png,1,SD 1.5,False,,,,,,,,,,,
sd15_pilot,sd15_0077.png,1,SD 1.5,True,23.19254861065188,0.9276996066525576,0.7720178151545034,1.1775392402749794,0.1482823983751409,0.3997463120856611,3.770516589040781,2.719246968840564,0.1025721288197919,0.0542816760165303,0.0
sd15_pilot,sd15_0078.png,1,SD 1.5,False,,,,,,,,,,,
sd15_pilot,sd15_0079.png,1,SD 1.5,True,42.84557358185445,0.9254975333431226,0.7563301752918743,1.34163892111834,0.1911663487850587,0.4486934479764425,2.12699797434442,1.4771503387818732,0.1425888292989209,,1.0
sd15_pilot,sd15_0080.png,1,SD 1.5,False,,,,,,,,,,,
sd15_pilot,sd15_0081.png,1,SD 1.5,False,,,,,,,,,,,
sd15_pilot,sd15_0082.png,1,SD 1.5,False,,,,,,,,,,,
sd15_pilot,sd15_0083.png,1,SD 1.5,False,,,,,,,,,,,
sd15_pilot,sd15_0084.png,1,SD 1.5,False,,,,,,,,,,,
sd15_pilot,sd15_0085.png,1,SD 1.5,True,14.65434061789545,0.8690140110663735,0.7155616595708177,1.3321936405878576,0.1506487829695444,0.3915423078342844,0.4485811633524577,0.3276836906592992,0.0089620342606846,0.0049103678451505,0.0
sd15_pilot,sd15_0086.png,1,SD 1.5,True,18.105283852711988,0.9494363867077708,0.7620590883508895,1.2999250236394595,0.1743145304347999,0.2890174017082895,6.304370980897417,4.952563801597922,0.2093140470765326,0.201113080588593,0.0
sd15_pilot,sd15_0087.png,1,SD 1.5,False,,,,,,,,,,,
sd15_pilot,sd15_0088.png,1,SD 1.5,False,,,,,,,,,,,
sd15_pilot,sd15_0089.png,1,SD 1.5,False,,,,,,,,,,,
sd15_pilot,sd15_0090.png,1,SD 1.5,False,,,,,,,,,,,
sd15_pilot,sd15_0091.png,1,SD 1.5,True,7.508417701339395,0.8930076148099696,0.7202440230097683,2.313085245578614,0.291477717901377,0.6406541692026748,23.552633171522984,18.15329721879309,56.12693249561886,2.212427491609644,0.0
sd15_pilot,sd15_0092.png,1,SD 1.5,False,,,,,,,,,,,
sd15_pilot,sd15_0093.png,1,SD 1.5,True,150.593635872525,0.8163642732575217,0.643815129490936,1.3587374342797525,0.1612609821229509,0.6259583371007048,1.297334759017005,0.749328692093663,1.7365664553343083,1.3510410706091711,0.0
sd15_pilot,sd15_0094.png,1,SD 1.5,True,27.51046628015465,0.9891846227883058,0.8241309056848928,1.6042804456323974,0.2140551177618108,0.8050110011895877,4.89555194355971,3.094218157861296,0.2364257326464778,1.3110193442951583,0.0
sd15_pilot,sd15_0095.png,1,SD 1.5,False,,,,,,,,,,,
sd15_pilot,sd15_0096.png,1,SD 1.5,False,,,,,,,,,,,
sd15_pilot,sd15_0097.png,1,SD 1.5,True,519.0674093184028,0.9720508166729688,0.7999922640772003,2.701401381272202,0.4255637422043877,0.4110827570355094,1.3437176732346927,0.9943699588386034,2.563445335835589,,0.75
sd15_pilot,sd15_0098.png,1,SD 1.5,False,,,,,,,,,,,
sd15_pilot,sd15_0099.png,1,SD 1.5,False,,,,,,,,,,,
sd15_pilot,sd15_0100.png,1,SD 1.5,False,,,,,,,,,,,
sd15_pilot,sd15_0101.png,1,SD 1.5,False,,,,,,,,,,,
sd15_pilot,sd15_0102.png,1,SD 1.5,False,,,,,,,,,,,
sd15_pilot,sd15_0103.png,1,SD 1.5,False,,,,,,,,,,,
sd15_pilot,sd15_0104.png,1,SD 1.5,False,,,,,,,,,,,
sd15_pilot,sd15_0105.png,1,SD 1.5,True,41.407744060816846,0.8355304905267442,0.6550553231599925,1.1075978878450154,0.1441843350709025,0.8945808121992282,1.8088394562826835,1.4359240203961403,0.5528116776679252,0.5580372836566552,0.0
sd15_pilot,sd15_0106.png,1,SD 1.5,False,,,,,,,,,,,
sd15_pilot,sd15_0107.png,1,SD 1.5,False,,,,,,,,,,,
sd15_pilot,sd15_0108.png,1,SD 1.5,False,,,,,,,,,,,
sd15_pilot,sd15_0109.png,1,SD 1.5,False,,,,,,,,,,,
sd15_pilot,sd15_0110.png,1,SD 1.5,False,,,,,,,,,,,
sd15_pilot,sd15_0111.png,1,SD 1.5,False,,,,,,,,,,,
sd15_pilot,sd15_0112.png,1,SD 1.5,False,,,,,,,,,,,
sd15_pilot,sd15_0113.png,1,SD 1.5,True,172.7923695587767,0.8842261384276103,0.6912002641546194,1.3548745753837876,0.1974251543551286,0.3102890650393436,1.91970781998306,1.1365542550673242,1.0558686107726127,0.8164838048099892,0.0
sd15_pilot,sd15_0114.png,1,SD 1.5,False,,,,,,,,,,,
sd15_pilot,sd15_0115.png,1,SD 1.5,True,95.10587556228596,0.9702386437227712,0.8058187924147023,2.316342563608508,0.3058464933108256,0.4589062261633221,2.6279931606293587,1.7913978406769062,0.4057806118615403,0.5859893647764052,0.0
sd15_pilot,sd15_0116.png,1,SD 1.5,False,,,,,,,,,,,
sd15_pilot,sd15_0117.png,1,SD 1.5,False,,,,,,,,,,,
sd15_pilot,sd15_0118.png,1,SD 1.5,False,,,,,,,,,,,
sd15_pilot,sd15_0119.png,1,SD 1.5,True,9.029969482281148,0.8244904670665711,0.6412394481176427,1.106849832216242,0.1362755478846594,0.5872042297636153,0.9432377574049012,0.6344111418998754,0.0181115719471694,0.0177336233095948,0.0
sd15_pilot,sd15_0120.png,1,SD 1.5,False,,,,,,,,,,,
sd15_pilot,sd15_0121.png,1,SD 1.5,True,78.073355937085,0.8309334109147865,0.6541737250823143,1.2226379722164995,0.170213759967056,0.4221427307658577,7.206506390528517,4.459740361477021,0.455968403611213,,0.5
sd15_pilot,sd15_0122.png,1,SD 1.5,False,,,,,,,,,,,
sd15_pilot,sd15_0123.png,1,SD 1.5,False,,,,,,,,,,,
sd15_pilot,sd15_0124.png,1,SD 1.5,True,30.56152170463993,0.8497209760819069,0.6665061215701085,1.061928249233546,0.1281852566785431,0.8738485696307459,2.15048320000831,1.5491510535442146,0.03346504918931,0.015550234106711,0.0
sd15_pilot,sd15_0125.png,1,SD 1.5,True,22.46840855150744,0.9017219134452172,0.7617359008791265,1.4029686832680226,0.2044952489761001,0.4646611548507937,2.3714453067279777,1.4011237209194178,0.0793748818911474,0.3814504316542164,0.0
sd15_pilot,sd15_0126.png,1,SD 1.5,True,138.32866493960248,0.7314531909506601,0.5584779534557381,1.0784387023832678,0.1117661878078932,0.998689421242197,63.76419180631733,38.78453445365926,694.4933356100946,1.7975115586773,0.0
sd15_pilot,sd15_0127.png,1,SD 1.5,False,,,,,,,,,,,
sd15_pilot,sd15_0128.png,1,SD 1.5,False,,,,,,,,,,,
sd15_pilot,sd15_0129.png,1,SD 1.5,False,,,,,,,,,,,
sd15_pilot,sd15_0130.png,1,SD 1.5,False,,,,,,,,,,,
sd15_pilot,sd15_0131.png,1,SD 1.5,False,,,,,,,,,,,
sd15_pilot,sd15_0132.png,1,SD 1.5,False,,,,,,,,,,,
sd15_pilot,sd15_0133.png,1,SD 1.5,False,,,,,,,,,,,
sd15_pilot,sd15_0134.png,1,SD 1.5,True,28.543364096631493,0.9883330935099784,0.8189355223286287,1.3134319927180895,0.1768150144847705,0.655885311554539,5.052984142418794,3.020988680738133,0.6629836672476382,0.8606230453269763,0.0
sd15_pilot,sd15_0135.png,1,SD 1.5,False,,,,,,,,,,,
sd15_pilot,sd15_0136.png,1,SD 1.5,False,,,,,,,,,,,
sd15_pilot,sd15_0137.png,1,SD 1.5,True,761.4272110885383,0.8499479462266388,0.676201299613227,2.0030949002491925,0.2497009191830229,0.3934480396074653,3.5584607177689804,2.799955094202985,7.0937482548714845,,1.0
sd15_pilot,sd15_0138.png,1,SD 1.5,False,,,,,,,,,,,
sd15_pilot,sd15_0139.png,1,SD 1.5,True,248.06913300545557,0.6885879398813645,0.5257742468822344,0.6589872852802179,0.0599892702025874,0.7777940585268994,14.097832361888392,8.649781295159993,1.0890879262108446,,1.0
sd15_pilot,sd15_0140.png,1,SD 1.5,False,,,,,,,,,,,
sd15_pilot,sd15_0141.png,1,SD 1.5,False,,,,,,,,,,,
sd15_pilot,sd15_0142.png,1,SD 1.5,False,,,,,,,,,,,
sd15_pilot,sd15_0143.png,1,SD 1.5,False,,,,,,,,,,,
sd15_pilot,sd15_0144.png,1,SD 1.5,False,,,,,,,,,,,
sd15_pilot,sd15_0145.png,1,SD 1.5,True,10.315292529027776,0.909398733861872,0.7376976422107107,1.8552885532483063,0.2496914215785498,0.3804428000510277,1.1614911267942034,0.6813523171695229,0.102166245247674,0.1207537195636465,0.3333333333333333
sd15_pilot,sd15_0146.png,1,SD 1.5,False,,,,,,,,,,,
sd15_pilot,sd15_0147.png,1,SD 1.5,False,,,,,,,,,,,
sd15_pilot,sd15_0148.png,1,SD 1.5,False,,,,,,,,,,,
sd15_pilot,sd15_0149.png,1,SD 1.5,False,,,,,,,,,,,
sd15_pilot,sd15_0150.png,1,SD 1.5,False,,,,,,,,,,,
sd15_pilot,sd15_0151.png,1,SD 1.5,True,11.96337301384873,0.9635015231969468,0.7885384015584004,2.8525360550168197,0.403556238990835,0.7437877675583984,2.2606224255985694,1.565242957045594,0.3285546607841159,0.7836899955080279,0.0
sd15_pilot,sd15_0152.png,1,SD 1.5,True,36.15270731026146,0.9567027651448734,0.7946603399599793,1.7188318701630665,0.2594103763792659,0.6003685724504615,5.677228056139995,3.994817556145598,0.5260278197105093,,0.5
sd15_pilot,sd15_0153.png,1,SD 1.5,True,20.84485121069257,1.0365749170138625,0.8708473141500095,3.159403796860538,0.4150007601463443,0.4480829097188482,19.194982364292827,14.11702342650629,0.1586885377279471,0.2109516233610628,0.0
sd15_pilot,sd15_0154.png,1,SD 1.5,False,,,,,,,,,,,
sd15_pilot,sd15_0155.png,1,SD 1.5,False,,,,,,,,,,,
sd15_pilot,sd15_0156.png,1,SD 1.5,False,,,,,,,,,,,
sd15_pilot,sd15_0157.png,1,SD 1.5,False,,,,,,,,,,,
sd15_pilot,sd15_0158.png,1,SD 1.5,False,,,,,,,,,,,
sd15_pilot,sd15_0159.png,1,SD 1.5,False,,,,,,,,,,,
sd15_pilot,sd15_0160.png,1,SD 1.5,False,,,,,,,,,,,
sd15_pilot,sd15_0161.png,1,SD 1.5,True,47.38234667316903,0.9710168548590382,0.8006805010515119,1.3685518239287742,0.1867388719910425,0.4768576771447786,2.9827000757644697,2.0368442108839013,0.0299933624536903,,0.75
sd15_pilot,sd15_0162.png,1,SD 1.5,False,,,,,,,,,,,
sd15_pilot,sd15_0163.png,1,SD 1.5,False,,,,,,,,,,,
sd15_pilot,sd15_0164.png,1,SD 1.5,False,,,,,,,,,,,
sd15_pilot,sd15_0165.png,1,SD 1.5,True,106.46695797703102,0.8278793814055364,0.6481208027269711,0.9545822253975208,0.1407861322371398,0.5169367503356596,0.7413223492607841,0.5416775506659552,0.061091315695399,,1.0
sd15_pilot,sd15_0166.png,1,SD 1.5,True,21.620086026901543,0.952622278604048,0.7767070533430854,1.5319304778063276,0.2241610741229643,0.4209378881147918,5.598550767722315,3.412963513378689,0.738549441708424,0.3785473792471761,0.0
sd15_pilot,sd15_0167.png,1,SD 1.5,False,,,,,,,,,,,
sd15_pilot,sd15_0168.png,1,SD 1.5,False,,,,,,,,,,,
sd15_pilot,sd15_0169.png,1,SD 1.5,False,,,,,,,,,,,
sd15_pilot,sd15_0170.png,1,SD 1.5,False,,,,,,,,,,,
sd15_pilot,sd15_0171.png,1,SD 1.5,True,5.382466315210052,1.0109365243135071,0.8485827137895603,2.052538218002951,0.2839061982861589,0.6521524458886564,1.4099342190374813,0.8496094390815466,0.0662236589342712,0.3838258470526536,0.0
sd15_pilot,sd15_0172.png,1,SD 1.5,True,67.0295148111749,0.9739754866388572,0.8198412535677071,2.9235249215589065,0.3860612637707591,0.9930581046851714,5.438597297753447,3.407356768913957,0.1896249926154251,,1.0
sd15_pilot,sd15_0173.png,1,SD 1.5,False,,,,,,,,,,,
sd15_pilot,sd15_0174.png,1,SD 1.5,True,274.33273911529125,0.9253792768486698,0.7351905262866376,1.523164900240244,0.2232141646711975,0.8116753725888214,1.1501420711960293,0.6842385974137156,18.82335646302641,2.0841695151542243,0.3333333333333333
sd15_pilot,sd15_0175.png,1,SD 1.5,True,30677.033629805304,1.0172003081176133,0.8571722897929229,2.7014630076953745,0.4120152630191473,0.6184954392989221,2.6059610459065112,1.9450170187025453,91.34171743958,,
sd15_pilot,sd15_0176.png,1,SD 1.5,False,,,,,,,,,,,
sd15_pilot,sd15_0177.png,1,SD 1.5,False,,,,,,,,,,,
sd15_pilot,sd15_0178.png,1,SD 1.5,False,,,,,,,,,,,
sd15_pilot,sd15_0179.png,1,SD 1.5,True,7.678954209571779,0.8642536093409234,0.6909523515353468,1.0026665596358606,0.1213748805226468,0.5184169760154476,3.70557404616585,2.491575681744372,0.044391337262743,0.4449039896791511,0.25
sd15_pilot,sd15_0180.png,1,SD 1.5,False,,,,,,,,,,,
sd15_pilot,sd15_0181.png,1,SD 1.5,False,,,,,,,,,,,
sd15_pilot,sd15_0182.png,1,SD 1.5,False,,,,,,,,,,,
sd15_pilot,sd15_0183.png,1,SD 1.5,False,,,,,,,,,,,
sd15_pilot,sd15_0184.png,1,SD 1.5,True,14.147745959314117,0.9215428238282888,0.7570568631940254,1.9585361722770889,0.2913557345670357,0.5541318913636603,6.623281183368832,4.722006410149035,0.1214901537808653,0.8218714182784419,0.0
sd15_pilot,sd15_0185.png,1,SD 1.5,False,,,,,,,,,,,
sd15_pilot,sd15_0186.png,1,SD 1.5,False,,,,,,,,,,,
sd15_pilot,sd15_0187.png,1,SD 1.5,True,166.86819140214843,0.7861630053479272,0.5986729072712332,1.5023911451176029,0.1873995797980988,0.8148973368364796,4.528652176737552,3.230224948187196,0.3220704791426133,,0.5
sd15_pilot,sd15_0188.png,1,SD 1.5,False,,,,,,,,,,,
sd15_pilot,sd15_0189.png,1,SD 1.5,False,,,,,,,,,,,
sd15_pilot,sd15_0190.png,1,SD 1.5,False,,,,,,,,,,,
sd15_pilot,sd15_0191.png,1,SD 1.5,False,,,,,,,,,,,
sd15_pilot,sd15_0192.png,1,SD 1.5,False,,,,,,,,,,,
sd15_pilot,sd15_0193.png,1,SD 1.5,False,,,,,,,,,,,
sd15_pilot,sd15_0194.png,1,SD 1.5,True,54.09348079799056,0.8067712989226604,0.6379707375390175,1.2084925647349274,0.1591894543223952,0.7137236775682239,78.1205184562337,45.2232011297308,13.946152334723983,0.5117001754483361,0.0
sd15_pilot,sd15_0195.png,1,SD 1.5,True,47.85344270261688,0.8600883757570523,0.6693533887438932,2.385549240369574,0.3222954989018893,0.5538565142785545,4.135805751798912,2.8801846870338506,0.2499298631501007,1.0133167594872754,0.3333333333333333
sd15_pilot,sd15_0196.png,1,SD 1.5,True,64.95261014035518,0.9755574642960378,0.8020786506482098,2.170511705861609,0.3210426650717383,0.9104993486802432,1.9641100779442129,1.1694497180082513,0.8285782050886755,0.2545419636639296,0.3333333333333333
sd15_pilot,sd15_0197.png,1,SD 1.5,True,85.06254710786726,0.9087043964975168,0.7271684446792192,1.436620426362972,0.1900943528741031,0.558911371538123,11.599185652837946,6.699855282675606,0.3611473453515408,0.6770717377802145,0.0
sd15_pilot,sd15_0198.png,1,SD 1.5,False,,,,,,,,,,,
sd15_pilot,sd15_0199.png,1,SD 1.5,False,,,,,,,,,,,
sdxl_rich,sdxl_0000.png,1,SDXL,False,,,,,,,,,,,
sdxl_rich,sdxl_0001.png,1,SDXL,True,173.54511955426133,0.7618826395311182,0.5699282316907647,1.5329389759789147,0.2579764619657562,0.3431273545684766,0.216171585053317,0.1715150664836807,0.2686801925309223,1.4632811590324808,0.0
sdxl_rich,sdxl_0002.png,1,SDXL,False,,,,,,,,,,,
sdxl_rich,sdxl_0003.png,1,SDXL,False,,,,,,,,,,,
sdxl_rich,sdxl_0004.png,1,SDXL,False,,,,,,,,,,,
sdxl_rich,sdxl_0005.png,1,SDXL,True,33.04467845606316,0.8601087533198213,0.679376451842465,1.7815905518613506,0.2114012186554562,0.6594986500402434,1.859793892533574,1.0840579289616563,0.1952956800624349,2.1880069452315416,0.3333333333333333
sdxl_rich,sdxl_0006.png,1,SDXL,True,16.062745529588323,0.960682598586338,0.7942165579055055,1.2988763862328423,0.1649855401776694,0.3935709409773771,77.55599045963787,44.785290205497816,0.8650839811759848,0.4507247172322257,0.25
sdxl_rich,sdxl_0007.png,1,SDXL,False,,,,,,,,,,,
sdxl_rich,sdxl_0008.png,1,SDXL,False,,,,,,,,,,,
sdxl_rich,sdxl_0009.png,1,SDXL,True,85.36930862740753,0.8380942439778069,0.6365635336659208,1.2121454601930746,0.1906143276510575,0.2604453662818941,0.7683150671356174,0.4709118111686952,0.1813655430914918,1.865050190144676,0.0
sdxl_rich,sdxl_0010.png,1,SDXL,False,,,,,,,,,,,
sdxl_rich,sdxl_0011.png,1,SDXL,True,70.06419092861745,0.8673444964258207,0.6856090805449422,0.7898090222619667,0.0893265833685686,0.2427929434973486,0.4755347208478895,0.3763173909657458,0.6131102647526137,2.387973976115497,0.0
sdxl_rich,sdxl_0012.png,1,SDXL,False,,,,,,,,,,,
sdxl_rich,sdxl_0013.png,1,SDXL,False,,,,,,,,,,,
sdxl_rich,sdxl_0014.png,1,SDXL,False,,,,,,,,,,,
sdxl_rich,sdxl_0015.png,1,SDXL,True,36.165918383882286,0.8401434919385503,0.6715625299190308,1.332288974309814,0.1550013804913383,0.6599427212868945,1.632172188529097,1.0407053328622555,0.0704366088235099,0.3343443280652982,0.0
sdxl_rich,sdxl_0016.png,1,SDXL,False,,,,,,,,,,,
sdxl_rich,sdxl_0017.png,1,SDXL,True,41459.78549906481,0.673868574255589,0.4851412127252361,0.7687336995761063,0.0679809924932191,0.239145590351278,0.1233862518634509,0.0737601804966306,8.051132570101151,,
sdxl_rich,sdxl_0018.png,1,SDXL,False,,,,,,,,,,,
sdxl_rich,sdxl_0019.png,1,SDXL,True,82.35266475262095,0.8270716140568448,0.6476582942862835,1.2953544865230049,0.1746408717837025,0.4869457845681376,1.5461132018212993,0.9091436027956616,0.2500324675683734,,0.5
sdxl_rich,sdxl_0020.png,1,SDXL,False,,,,,,,,,,,
sdxl_rich,sdxl_0021.png,1,SDXL,True,911.6822054821788,0.8821498311437334,0.6972842708202907,2.0742907578836896,0.2452920238656671,0.7038458810518985,1.4408728768191708,0.9930661584108764,3.9749076908430583,,0.6666666666666666
sdxl_rich,sdxl_0022.png,1,SDXL,True,52.49870641925759,0.858394160434548,0.691194587285178,1.7991497154419942,0.2355439669647792,0.3522648389469554,3.0478840770932862,1.805828840721536,1.350042850554212,0.9581366635005047,0.3333333333333333
sdxl_rich,sdxl_0023.png,1,SDXL,True,686.4940267995345,0.6706234020188139,0.4726319217396493,0.4889376385026098,0.0503326251695881,0.1580212341133422,0.9926022922492166,0.721405860810858,0.1617925163559021,,0.5
sdxl_rich,sdxl_0024.png,1,SDXL,False,,,,,,,,,,,
sdxl_rich,sdxl_0025.png,1,SDXL,False,,,,,,,,,,,
sdxl_rich,sdxl_0026.png,1,SDXL,True,464.40375343907743,0.7841243178625752,0.6120413553583219,1.2865963340823845,0.1603961840034186,0.3717438127812895,2.492858570797253,1.607340747605277,317.1101309507765,,0.6666666666666666
sdxl_rich,sdxl_0027.png,1,SDXL,True,558.6111132132218,0.8835410388411747,0.6871121087520159,1.099983620216225,0.1771011974514377,0.5359621430169316,2.996513995434441,2.319382631741677,1.837049001188085,,1.0
sdxl_rich,sdxl_0028.png,1,SDXL,True,1016.464997109137,0.8420763026984386,0.6603799194503956,1.1751678829706862,0.1490834449785018,0.2538938394316612,19.84478588358607,13.08498404600634,21.178966039613183,0.1680253428773994,0.0
sdxl_rich,sdxl_0029.png,1,SDXL,True,46.33424669744782,0.861842080015449,0.699752767828147,0.993711877629387,0.1160623776520092,0.8728499894675162,1.6323354872172189,1.2166261602364146,0.1175267332745933,0.0691135628350627,0.0
sdxl_rich,sdxl_0030.png,1,SDXL,False,,,,,,,,,,,
sdxl_rich,sdxl_0031.png,1,SDXL,True,1110.0145803895182,0.7615934880672787,0.5895591152555024,0.7490189816774824,0.0760634061679111,0.3031660971859773,2.1588899025079087,1.5963567322832604,0.0556125194570443,0.0197802895458245,0.0
sdxl_rich,sdxl_0032.png,1,SDXL,False,,,,,,,,,,,
sdxl_rich,sdxl_0033.png,1,SDXL,False,,,,,,,,,,,
sdxl_rich,sdxl_0034.png,1,SDXL,True,32.945646369057165,0.7672039324134939,0.6194277485561641,1.047442184631965,0.1045888077422476,0.8391959344516138,2.0071535529013715,1.164975608247453,0.5303010494833081,0.4049205617884972,0.0
sdxl_rich,sdxl_0035.png,1,SDXL,True,216.6416935687436,0.995552277005472,0.8224181847542725,2.305586842580939,0.3925773564427641,0.5903847616251976,3.051133620922201,1.7989848929527037,0.4466003205674477,0.2768337790965169,0.25
sdxl_rich,sdxl_0036.png,1,SDXL,False,,,,,,,,,,,
sdxl_rich,sdxl_0037.png,1,SDXL,True,157.59599299355168,0.8188503774992144,0.6240745231992512,1.2966631200852643,0.1707135598895657,0.2488831181851438,3.300423435616537,1.9850524666107128,0.5775991529127149,,1.0
sdxl_rich,sdxl_0038.png,1,SDXL,False,,,,,,,,,,,
sdxl_rich,sdxl_0039.png,1,SDXL,True,595.6646865489273,0.7732291932801826,0.5772560881879418,0.6800245427115859,0.0826887778794202,0.3746040059265866,1.7458721427381647,1.288363992626855,2.3816724564123044,,0.5
sdxl_rich,sdxl_0040.png,1,SDXL,False,,,,,,,,,,,
sdxl_rich,sdxl_0041.png,1,SDXL,False,,,,,,,,,,,
sdxl_rich,sdxl_0042.png,1,SDXL,False,,,,,,,,,,,
sdxl_rich,sdxl_0043.png,1,SDXL,True,431.0697628476463,0.7731213525991293,0.5722594243612825,2.6091857871865844,0.3012488135033891,0.4994778075570097,0.1465154151531038,0.103159609452685,0.6724205451684611,1.6603760213714915,0.5
sdxl_rich,sdxl_0044.png,1,SDXL,False,,,,,,,,,,,
sdxl_rich,sdxl_0045.png,1,SDXL,True,369.6576026602741,0.7749974486765107,0.5849560948077194,2.311322233672984,0.2806160122920606,0.1995570757045992,4.246036501043335,3.2725578199185823,0.7865394303269908,,1.0
sdxl_rich,sdxl_0046.png,1,SDXL,True,5.259281156290792,0.8960850675580081,0.7361085447545302,1.6249257617592212,0.2244272510267684,0.323255469208259,3.4083465397306725,2.323061629486241,0.1226903861831412,0.2573970521847366,0.0
sdxl_rich,sdxl_0047.png,1,SDXL,True,464.146529570796,0.8204361340928564,0.6297999385588657,1.163934161258699,0.149017161277633,0.1730752648913963,1.4495476374060845,1.1604361091358566,0.7319919142534128,,1.0
sdxl_rich,sdxl_0048.png,1,SDXL,False,,,,,,,,,,,
sdxl_rich,sdxl_0049.png,1,SDXL,True,244.9599084806628,0.6636251066863142,0.487298860977735,0.7621400891999206,0.0796911077678587,0.2153634821665697,2.0391849459711864,1.3860351275757403,0.9800356373994228,,0.5
sdxl_rich,sdxl_0050.png,1,SDXL,False,,,,,,,,,,,
sdxl_rich,sdxl_0051.png,1,SDXL,True,53.944903868654514,0.9341576617214794,0.7673911021424233,1.8017269021607496,0.2728738429993771,0.648232812957202,4.2426581230566,2.5789988365800687,0.7685178226772659,1.946179911863149,0.0
sdxl_rich,sdxl_0052.png,1,SDXL,False,,,,,,,,,,,
sdxl_rich,sdxl_0053.png,1,SDXL,True,306.2061829602212,0.8461487690409927,0.6533563860430929,1.4344680841649473,0.2140081607502709,0.6109567737001186,1.8318261849635888,1.4596178304018386,0.4470542610350453,,0.75
sdxl_rich,sdxl_0054.png,1,SDXL,False,,,,,,,,,,,
sdxl_rich,sdxl_0055.png,1,SDXL,True,426.3747049850261,0.811914133545909,0.6002854834533697,0.8291544609088608,0.120121525719353,0.2436037426685444,0.6531212908374755,0.3783051673490027,0.1689191913821774,0.8218565667964466,0.0
sdxl_rich,sdxl_0056.png,1,SDXL,False,,,,,,,,,,,
sdxl_rich,sdxl_0057.png,1,SDXL,False,,,,,,,,,,,
sdxl_rich,sdxl_0058.png,1,SDXL,False,,,,,,,,,,,
sdxl_rich,sdxl_0059.png,1,SDXL,True,398.86868914788414,0.7148755050588916,0.5292339124430768,0.8818586271232386,0.1098291916928506,0.5801096406136764,0.5992721705299147,0.4177138037472162,1.1478945366579034,,1.0
sdxl_rich,sdxl_0060.png,1,SDXL,False,,,,,,,,,,,
sdxl_rich,sdxl_0061.png,1,SDXL,False,,,,,,,,,,,
sdxl_rich,sdxl_0062.png,1,SDXL,True,49.74242264017187,0.9037581968920334,0.7332615221072374,2.4865761459392504,0.3292476073981165,0.869189130840305,37.42414708483632,22.424087395515475,2.7205185496267434,0.4132926075530783,0.3333333333333333
sdxl_rich,sdxl_0063.png,1,SDXL,False,,,,,,,,,,,
sdxl_rich,sdxl_0064.png,1,SDXL,False,,,,,,,,,,,
sdxl_rich,sdxl_0065.png,1,SDXL,True,68.38104013915648,0.8567644265866328,0.6701386214563217,1.2690401323092542,0.2054319912077071,0.2081617271922047,0.3252844508145784,0.2344992170404327,0.3302838635698283,0.8071172458828437,0.0
sdxl_rich,sdxl_0066.png,1,SDXL,False,,,,,,,,,,,
sdxl_rich,sdxl_0067.png,1,SDXL,True,81.77325232915153,0.9057527929070038,0.7467315723135174,1.4645313656906005,0.2306098992538949,0.8717556452697227,0.4594105688627365,0.3190399547444061,1.473519259800463,1.632862839645446,0.0
sdxl_rich,sdxl_0068.png,1,SDXL,False,,,,,,,,,,,
sdxl_rich,sdxl_0069.png,1,SDXL,True,308.574819409202,0.8925770939129926,0.7098251806467002,1.6194544035661056,0.2041683970116763,0.2318012524077256,5.361334629616195,3.996446140216897,5.207536936779929,,1.0
sdxl_rich,sdxl_0070.png,1,SDXL,False,,,,,,,,,,,
sdxl_rich,sdxl_0071.png,1,SDXL,True,433.5968054240315,0.7772292622461002,0.5712826880886992,0.8072458677550824,0.1159204308544614,0.1872141452425358,0.41163502567791,0.3195059964625826,1.672856533719741,,0.0
sdxl_rich,sdxl_0072.png,1,SDXL,False,,,,,,,,,,,
sdxl_rich,sdxl_0073.png,1,SDXL,False,,,,,,,,,,,
sdxl_rich,sdxl_0074.png,1,SDXL,False,,,,,,,,,,,
sdxl_rich,sdxl_0075.png,1,SDXL,True,1630.4689845483008,0.7187396986868205,0.5116689792395697,2.1721790655025157,0.2483981517638878,0.4297482021143659,0.2011791513081107,0.1562603992770979,2.974699532714544,1.910849500999225,0.0
sdxl_rich,sdxl_0076.png,1,SDXL,False,,,,,,,,,,,
sdxl_rich,sdxl_0077.png,1,SDXL,False,,,,,,,,,,,
sdxl_rich,sdxl_0078.png,1,SDXL,False,,,,,,,,,,,
sdxl_rich,sdxl_0079.png,1,SDXL,False,,,,,,,,,,,
sdxl_rich,sdxl_0080.png,1,SDXL,False,,,,,,,,,,,
sdxl_rich,sdxl_0081.png,1,SDXL,True,97.99044286905776,0.8263268849575524,0.6480389458720094,1.412034738204277,0.1899487456061676,0.807031497978787,3.883501633669553,2.662650544879072,0.5351154833623739,,0.5
sdxl_rich,sdxl_0082.png,1,SDXL,False,,,,,,,,,,,
sdxl_rich,sdxl_0083.png,1,SDXL,False,,,,,,,,,,,
sdxl_rich,sdxl_0084.png,1,SDXL,False,,,,,,,,,,,
sdxl_rich,sdxl_0085.png,1,SDXL,True,42.0432074072255,0.908700253300468,0.7445694218728024,1.6337703938364934,0.2122835511251715,0.4144532206531113,0.6825021606016151,0.4261498851343772,0.7120949880384546,1.1248896138126288,0.0
sdxl_rich,sdxl_0086.png,1,SDXL,True,372.7741714624694,0.8911662466895224,0.7295062399289578,1.3618725464590975,0.1794287151204102,0.7382984319426528,2.3109769059626477,1.4768377621552866,1.0594074540096614,,1.0
sdxl_rich,sdxl_0087.png,1,SDXL,True,5400.210665908734,0.7753046654342113,0.5691698517216222,0.8204587240090953,0.1041848265115293,0.2812879982239323,0.8228424666286003,0.5575013455472377,9.086620007636707,,1.0
sdxl_rich,sdxl_0088.png,1,SDXL,False,,,,,,,,,,,
sdxl_rich,sdxl_0089.png,1,SDXL,False,,,,,,,,,,,
sdxl_rich,sdxl_0090.png,1,SDXL,False,,,,,,,,,,,
sdxl_rich,sdxl_0091.png,1,SDXL,True,33.914605586769376,0.7946095171058647,0.6082268794889439,0.8925025186167681,0.1060661243934272,0.4677548777328429,4.142046447636517,2.529760779293732,1.597202443397041,,0.5
sdxl_rich,sdxl_0092.png,1,SDXL,True,127.11292452218798,0.8322860405630469,0.6460414142622491,2.052843936863548,0.2753795778529965,0.3601827484866883,10.111797961142443,8.255252685698677,4.886757539426913,0.2570855930882612,0.0
sdxl_rich,sdxl_0093.png,1,SDXL,True,47.816678770208405,0.8138884640418798,0.6141181825187387,2.5007569739693256,0.2480076246547322,0.2644413806021,0.915482325555658,0.6983647046825207,1.0054318417908377,1.359933722440342,0.0
sdxl_rich,sdxl_0094.png,1,SDXL,False,,,,,,,,,,,
sdxl_rich,sdxl_0095.png,1,SDXL,True,117.26350610778404,0.8981867043385239,0.7111722908491079,1.462089303615234,0.1983838418558108,0.5880308420223067,1.8616725965405865,1.351089526213033,0.2255481469801068,0.0912721717733724,0.0
sdxl_rich,sdxl_0096.png,1,SDXL,False,,,,,,,,,,,
sdxl_rich,sdxl_0097.png,1,SDXL,False,,,,,,,,,,,
sdxl_rich,sdxl_0098.png,1,SDXL,True,31.678667648509062,0.9714858050916908,0.7942662073553649,1.5891120895603958,0.2309272585026033,0.8030685722650571,5.197626987027903,3.1119934593994945,0.1581124628146164,2.7299843097057472,0.0
sdxl_rich,sdxl_0099.png,1,SDXL,False,,,,,,,,,,,
sdxl_rich,sdxl_0100.png,1,SDXL,False,,,,,,,,,,,
sdxl_rich,sdxl_0101.png,1,SDXL,True,199.00630173363416,0.8392738740511356,0.6506127488523568,1.1284601145461273,0.1664128601961645,0.3414363996790883,1.2640143055903934,0.774283289357204,0.188520812229139,0.2990089059928884,0.0
sdxl_rich,sdxl_0102.png,1,SDXL,False,,,,,,,,,,,
sdxl_rich,sdxl_0103.png,1,SDXL,True,1045.4567849545003,0.7416465550612633,0.5203998726679002,0.6475143562710428,0.0771795751659947,0.2123524200280698,0.9865013666855872,0.6101761963662309,0.5413406362215569,,1.0
sdxl_rich,sdxl_0104.png,1,SDXL,False,,,,,,,,,,,
sdxl_rich,sdxl_0105.png,1,SDXL,False,,,,,,,,,,,
sdxl_rich,sdxl_0106.png,1,SDXL,False,,,,,,,,,,,
sdxl_rich,sdxl_0107.png,1,SDXL,False,,,,,,,,,,,
sdxl_rich,sdxl_0108.png,1,SDXL,True,208.79879607175965,0.6315033598460963,0.4748729101096752,0.8036473537142054,0.0744805411207587,0.3127589169438743,6.115587404793686,3.764958471520801,1.6199874729383967,1.5845144749389064,0.0
sdxl_rich,sdxl_0109.png,1,SDXL,True,306.1024171879375,0.7514097008558956,0.560663968737195,1.6693577763328118,0.1733293288362023,0.3201368568853096,0.5291510233886072,0.3085868866592966,0.2400613032144685,,0.5
sdxl_rich,sdxl_0110.png,1,SDXL,False,,,,,,,,,,,
sdxl_rich,sdxl_0111.png,1,SDXL,False,,,,,,,,,,,
sdxl_rich,sdxl_0112.png,1,SDXL,False,,,,,,,,,,,
sdxl_rich,sdxl_0113.png,1,SDXL,True,98.78984623132064,0.7424773373339065,0.5967866396320904,3.494105540955861,0.3408075396654465,0.4364487154135184,3.6709743812676834,2.969366109867728,0.0574886402636224,,0.6666666666666666
sdxl_rich,sdxl_0114.png,1,SDXL,False,,,,,,,,,,,
sdxl_rich,sdxl_0115.png,1,SDXL,True,118.53459262862243,0.7361362510187394,0.5587395947667035,0.8071847455625688,0.080446339296571,0.6992413893172512,1.1624717040419767,0.921286427541092,0.6514573989669311,,0.5
sdxl_rich,sdxl_0116.png,1,SDXL,False,,,,,,,,,,,
sdxl_rich,sdxl_0117.png,1,SDXL,True,355.77630153953913,0.7433600180342433,0.5450205307615068,1.2589175249121496,0.1581021969320954,0.2143625183585052,0.068862164216398,0.0397578870296456,1.0537431128029573,,0.0
sdxl_rich,sdxl_0118.png,1,SDXL,False,,,,,,,,,,,
sdxl_rich,sdxl_0119.png,1,SDXL,False,,,,,,,,,,,
sdxl_rich,sdxl_0120.png,1,SDXL,False,,,,,,,,,,,
sdxl_rich,sdxl_0121.png,1,SDXL,False,,,,,,,,,,,
sdxl_rich,sdxl_0122.png,1,SDXL,True,90.95053441513978,0.883814860440045,0.7078302259021232,2.475095987456939,0.3551109360226484,0.9128978210447344,6.884070736469354,5.245824868083284,0.9008676929781084,0.5407024752962375,0.3333333333333333
sdxl_rich,sdxl_0123.png,1,SDXL,True,319.0372649803293,0.7640928427652243,0.5909540233838971,0.6611952264331936,0.0746929536277,0.4816937355584572,0.8412496732096457,0.5067804338170222,0.4753252289223066,,0.5
sdxl_rich,sdxl_0124.png,1,SDXL,True,34.5295029392212,0.905147502743326,0.7344224356698059,1.2828285034341356,0.1416057079500488,0.4610039414967362,0.7143510187025441,0.4282358525721684,0.0446015140998191,0.4122302613780091,0.0
sdxl_rich,sdxl_0125.png,1,SDXL,True,78.57082091562437,0.7820748705584256,0.607738856977155,0.9002750304146385,0.1064810671187373,0.3553670694505248,1.5287666335632224,0.8983242454330982,0.2055075122341019,0.2721123056234962,0.3333333333333333
sdxl_rich,sdxl_0126.png,1,SDXL,False,,,,,,,,,,,
sdxl_rich,sdxl_0127.png,1,SDXL,True,1261.8083230064465,0.7403166344875046,0.5412927887188612,0.8400517767946081,0.1242205160455223,0.2325808537188581,1.8681209269313117,1.5195811740019587,3.009628782423552,0.8231698215714527,0.0
sdxl_rich,sdxl_0128.png,1,SDXL,False,,,,,,,,,,,
sdxl_rich,sdxl_0129.png,1,SDXL,True,25.03269528444993,0.6421812025590635,0.4791843981256157,1.6501271920990157,0.1947768225016596,0.2281585509597641,3.39875776117826,2.4966004363974226,0.5234935875653477,,1.0
sdxl_rich,sdxl_0130.png,1,SDXL,False,,,,,,,,,,,
sdxl_rich,sdxl_0131.png,1,SDXL,True,182.4149412982461,0.8417036302194141,0.6512241524341583,2.2011662932408376,0.3218726887931783,0.332324766350818,1.0289176622047052,0.606647467568545,0.1772642891734296,,0.6666666666666666
sdxl_rich,sdxl_0132.png,1,SDXL,False,,,,,,,,,,,
sdxl_rich,sdxl_0133.png,1,SDXL,True,147.2007885628095,0.8195690204516864,0.6285282457942749,1.0847190297717917,0.1443159664951849,0.5817221057410799,0.1055269938582768,0.0828975348713077,0.1126274402938639,,0.5
sdxl_rich,sdxl_0134.png,1,SDXL,False,,,,,,,,,,,
sdxl_rich,sdxl_0135.png,1,SDXL,False,,,,,,,,,,,
sdxl_rich,sdxl_0136.png,1,SDXL,False,,,,,,,,,,,
sdxl_rich,sdxl_0137.png,1,SDXL,False,,,,,,,,,,,
sdxl_rich,sdxl_0138.png,1,SDXL,False,,,,,,,,,,,
sdxl_rich,sdxl_0139.png,1,SDXL,True,119.90969688850409,0.7685819725258518,0.5639909750941853,0.770087060386393,0.0798798110978164,0.266280354220168,0.6947384526874316,0.4193004777034779,0.4064219435700734,,1.0
sdxl_rich,sdxl_0140.png,1,SDXL,True,148.67183290048322,0.727330227390522,0.5526773531382446,0.6789757085232093,0.0584489511994441,0.4361403921489211,4.028490763906319,3.088530453182017,0.502318977525516,0.0371390733063581,0.0
sdxl_rich,sdxl_0141.png,1,SDXL,True,308.619606499021,0.7397581874319723,0.5359561989657976,1.2162375554153917,0.1624102121242593,0.4643366047130833,1.44113742962098,0.9317842401111271,0.1278680150790351,,1.0
sdxl_rich,sdxl_0142.png,1,SDXL,False,,,,,,,,,,,
sdxl_rich,sdxl_0143.png,1,SDXL,False,,,,,,,,,,,
sdxl_rich,sdxl_0144.png,1,SDXL,False,,,,,,,,,,,
sdxl_rich,sdxl_0145.png,1,SDXL,True,320.07022469470934,0.7852162279458791,0.5935062212506228,1.0404028343333247,0.1502461795799022,0.667334206051661,2.277769741147239,1.4751629351527409,0.0935943514307629,,0.0
sdxl_rich,sdxl_0146.png,1,SDXL,False,,,,,,,,,,,
sdxl_rich,sdxl_0147.png,1,SDXL,False,,,,,,,,,,,
sdxl_rich,sdxl_0148.png,1,SDXL,False,,,,,,,,,,,
sdxl_rich,sdxl_0149.png,1,SDXL,False,,,,,,,,,,,
sdxl_rich,sdxl_0150.png,1,SDXL,False,,,,,,,,,,,
sdxl_rich,sdxl_0151.png,1,SDXL,True,1381.3192771433344,0.7740387114318232,0.5634205756725211,0.93051798654025,0.1506803626642062,0.1988120715640971,1.1488680803056042,0.8844078984451631,1.6555918518724857,,1.0
sdxl_rich,sdxl_0152.png,1,SDXL,False,,,,,,,,,,,
sdxl_rich,sdxl_0153.png,1,SDXL,False,,,,,,,,,,,
sdxl_rich,sdxl_0154.png,1,SDXL,True,544.6558991458952,0.678561954976443,0.5080301832273703,0.93813882432444,0.104225324055134,0.4222180243952608,2.9580003160076416,1.7205410989379328,1.7529390709820027,,0.6666666666666666
sdxl_rich,sdxl_0155.png,1,SDXL,True,31.58770318769124,0.8281176975451326,0.6580523880578842,1.0144644219305046,0.1178768259777672,0.4433404721393522,0.3442690007949665,0.2047533835439965,0.0838824184148858,,0.5
sdxl_rich,sdxl_0156.png,1,SDXL,True,12.452795595967954,0.861269794725912,0.692527105838734,1.5842179528445417,0.1792554897469122,0.948338579718596,9.336103536494292,7.308616050691208,1.1537320531864732,,0.5
sdxl_rich,sdxl_0157.png,1,SDXL,False,,,,,,,,,,,
sdxl_rich,sdxl_0158.png,1,SDXL,False,,,,,,,,,,,
sdxl_rich,sdxl_0159.png,1,SDXL,True,152.06855778430412,0.7240497836865826,0.5551747456754281,0.9682347430736544,0.1368863106113804,0.3905250860119184,1.3141581330616532,0.8790040338863514,0.3013513756183595,0.9877517968556296,0.0
sdxl_rich,sdxl_0160.png,1,SDXL,False,,,,,,,,,,,
sdxl_rich,sdxl_0161.png,1,SDXL,True,138.4762854812738,0.8083698452329369,0.6179792552889044,2.784150429647684,0.3001807861143762,0.8542491174606412,5.549694689048792,3.217166450381344,0.570817102913284,0.8521392441412168,0.0
sdxl_rich,sdxl_0162.png,1,SDXL,False,,,,,,,,,,,
sdxl_rich,sdxl_0163.png,1,SDXL,True,447.5003244637833,0.821723762524448,0.6331239684300172,0.9675271470672526,0.1322528259804199,0.4348774559522513,1.681784276992417,1.2873561300226837,0.911808396641518,,0.5
sdxl_rich,sdxl_0164.png,1,SDXL,False,,,,,,,,,,,
sdxl_rich,sdxl_0165.png,1,SDXL,True,82.1077831189822,0.8680665000890878,0.6956283265216967,1.231162706120927,0.1702478901232221,0.4626718540334902,0.8028178750776789,0.6199655929740597,1.9932660562816216,0.1129407405203846,0.3333333333333333
sdxl_rich,sdxl_0166.png,1,SDXL,False,,,,,,,,,,,
sdxl_rich,sdxl_0167.png,1,SDXL,True,340.1383594464366,0.7202717388285181,0.5228943523017224,0.5510814789093439,0.052823950875675,0.2243341769027143,0.8239003741033599,0.489428942759642,1.447398459222745,,0.5
sdxl_rich,sdxl_0168.png,1,SDXL,False,,,,,,,,,,,
sdxl_rich,sdxl_0169.png,1,SDXL,False,,,,,,,,,,,
sdxl_rich,sdxl_0170.png,1,SDXL,True,25.781016851431787,0.8970003610149843,0.7064471405021486,3.144651319269574,0.3521955712769118,0.9929453068542934,9.180856372735008,5.396486410453025,1.7139459497089231,0.5747012844062445,0.5
sdxl_rich,sdxl_0171.png,1,SDXL,True,88.96434445381912,0.920013445702458,0.7378845555712805,2.3214456894945474,0.266515567263229,0.4845385257803005,7.716657143194112,5.845293797824693,9.457498883630596,1.2365266493839862,0.5
sdxl_rich,sdxl_0172.png,1,SDXL,True,21.814819209144463,0.9594992671747165,0.8108106535002013,3.2806569136678423,0.3484766381357779,0.400846385633868,55.0470531453921,32.254767331603595,1.4629667173269691,0.2891021362433861,0.0
sdxl_rich,sdxl_0173.png,1,SDXL,True,706.7169424000439,0.6987635784943091,0.5193646150830025,0.8195765914961977,0.0986146073839997,0.174668124622146,0.0526981220006774,0.0335865459726859,0.3889023048541955,,0.5
sdxl_rich,sdxl_0174.png,1,SDXL,True,3.258827796228692,0.9401544348767548,0.7712243525767929,3.044154655454602,0.3968765332351163,0.6559671269619514,2.768604489668988,2.1303054002439694,0.0497368394953841,0.1896811229503709,0.0
sdxl_rich,sdxl_0175.png,1,SDXL,True,31.96702246744437,0.8077319491602244,0.6256139742019551,1.2808554750125265,0.1436125763025926,0.3735203889156442,1.2652184234254094,0.821236223162058,0.0887729254533325,0.5446845138846941,0.25
sdxl_rich,sdxl_0176.png,1,SDXL,False,,,,,,,,,,,
sdxl_rich,sdxl_0177.png,1,SDXL,False,,,,,,,,,,,
sdxl_rich,sdxl_0178.png,1,SDXL,False,,,,,,,,,,,
sdxl_rich,sdxl_0179.png,1,SDXL,True,303.88355269541785,1.033345897434443,0.8518010057248847,2.206102029300988,0.3799400927603618,0.9030393064615498,5.643507261993136,4.496916666161594,1.483918353122656,,1.0
sdxl_rich,sdxl_0180.png,1,SDXL,False,,,,,,,,,,,
sdxl_rich,sdxl_0181.png,1,SDXL,True,118.06937787829872,0.9060155087074772,0.7409642872273244,1.566117722158733,0.2157943642304466,0.2682533270506565,0.4170145339022042,0.245105830131907,0.3453426046348917,0.8967985380635479,0.3333333333333333
sdxl_rich,sdxl_0182.png,1,SDXL,False,,,,,,,,,,,
sdxl_rich,sdxl_0183.png,1,SDXL,True,2113.12867514947,0.6501882628412572,0.4404431026518537,0.5223925017242881,0.0549394224864061,0.1206598263716909,0.5166955114675602,0.3270942413009715,1.7267638681678847,,0.0
sdxl_rich,sdxl_0184.png,1,SDXL,False,,,,,,,,,,,
sdxl_rich,sdxl_0185.png,1,SDXL,False,,,,,,,,,,,
sdxl_rich,sdxl_0186.png,1,SDXL,False,,,,,,,,,,,
sdxl_rich,sdxl_0187.png,1,SDXL,True,831.9013951427938,0.6879617899741057,0.4869480963357817,0.5861459420426574,0.0544653746137702,0.31487044871446,0.3276766553946117,0.1991116191756602,1.0101096416302533,,0.5
sdxl_rich,sdxl_0188.png,1,SDXL,False,,,,,,,,,,,
sdxl_rich,sdxl_0189.png,1,SDXL,False,,,,,,,,,,,
sdxl_rich,sdxl_0190.png,1,SDXL,True,9.139629697287964,1.0064803815392476,0.8391496176262448,2.9007585131477454,0.4431684671954118,0.5035433715595858,4.302460908138272,3.619445952809512,0.2352811157755026,0.2066624765531974,0.0
sdxl_rich,sdxl_0191.png,1,SDXL,False,,,,,,,,,,,
sdxl_rich,sdxl_0192.png,1,SDXL,True,178.0076568056081,0.7103591337851242,0.5283450548408247,0.5581227633960315,0.0433249704319261,0.3531153310715796,0.6073964326272829,0.4153986233440712,0.479347585801557,0.5576261525646657,0.0
sdxl_rich,sdxl_0193.png,1,SDXL,True,55.2201896736916,0.7802450428821459,0.6148596506764814,0.7840632120128271,0.0778501290553524,0.6526194374810291,0.5100269710522696,0.3358632089353532,0.1674224968587236,3.310486351273433,0.0
sdxl_rich,sdxl_0194.png,1,SDXL,False,,,,,,,,,,,
sdxl_rich,sdxl_0195.png,1,SDXL,False,,,,,,,,,,,
sdxl_rich,sdxl_0196.png,1,SDXL,False,,,,,,,,,,,
sdxl_rich,sdxl_0197.png,1,SDXL,True,38.08968031267124,0.8505967770030641,0.682612020327201,1.9270398590781723,0.2265954028182759,0.4545637768863192,5.855184494028308,3.92399946923605,0.1112151962743729,0.0297045951260397,0.0
sdxl_rich,sdxl_0198.png,1,SDXL,False,,,,,,,,,,,
sdxl_rich,sdxl_0199.png,1,SDXL,True,397.6399250726502,0.7689689642886067,0.5823640440972948,0.7658487738044728,0.0912218854966178,0.4387433331165551,3.817820070155676,2.614753608780908,2.224006721849231,0.1237439113868656,0.0
sdxl_rich,sdxl_0200.png,1,SDXL,False,,,,,,,,,,,
sdxl_rich,sdxl_0201.png,1,SDXL,False,,,,,,,,,,,
sdxl_rich,sdxl_0202.png,1,SDXL,False,,,,,,,,,,,
sdxl_rich,sdxl_0203.png,1,SDXL,True,150.50006801214113,0.7531621082866825,0.5578453558610319,0.6450153483336494,0.0672631599347384,0.3823346828533139,0.9127414002931004,0.582888834086221,0.2283620365034962,2.7219588726265025,0.0
sdxl_rich,sdxl_0204.png,1,SDXL,False,,,,,,,,,,,
sdxl_rich,sdxl_0205.png,1,SDXL,True,231.3837678958822,0.7019864259510089,0.4950608516855803,0.8169462844919175,0.1088067367870564,0.2796848669535093,2.267086742905164,1.3282191952249751,0.0473467441161361,,0.5
sdxl_rich,sdxl_0206.png,1,SDXL,False,,,,,,,,,,,
sdxl_rich,sdxl_0207.png,1,SDXL,True,98.02197388687684,0.7616469060081877,0.5813410992304359,1.2735705494252505,0.1601201147074301,0.4304415027876814,2.224450550269708,1.7576240578331648,0.7493740057625289,,1.0
sdxl_rich,sdxl_0208.png,1,SDXL,False,,,,,,,,,,,
sdxl_rich,sdxl_0209.png,1,SDXL,True,1334.098239479277,0.7446366504954222,0.5371894783450487,1.1696778672681851,0.1658207373247455,0.2288758078733568,1.6627609494742472,1.1390719933833484,1.9520312824853616,0.5754735487731839,0.0
sdxl_rich,sdxl_0210.png,1,SDXL,False,,,,,,,,,,,
sdxl_rich,sdxl_0211.png,1,SDXL,False,,,,,,,,,,,
sdxl_rich,sdxl_0212.png,1,SDXL,False,,,,,,,,,,,
sdxl_rich,sdxl_0213.png,1,SDXL,True,28.281229555358177,0.7738195687404361,0.620947643371784,2.7488289226623444,0.3228245332664619,0.4614915728927946,1.0869885618035084,0.8040618543073557,0.075423485348965,,0.75
sdxl_rich,sdxl_0214.png,1,SDXL,False,,,,,,,,,,,
sdxl_rich,sdxl_0215.png,1,SDXL,True,1411.1592966282103,0.8355479763533917,0.6290361202014797,0.8871152371348845,0.1186422461179746,0.2872200539081396,0.9827607866902212,0.653037990926707,0.1974971513423606,,0.6666666666666666
sdxl_rich,sdxl_0216.png,1,SDXL,False,,,,,,,,,,,
sdxl_rich,sdxl_0217.png,1,SDXL,False,,,,,,,,,,,
sdxl_rich,sdxl_0218.png,1,SDXL,False,,,,,,,,,,,
sdxl_rich,sdxl_0219.png,1,SDXL,True,7812.490722738498,0.8509862533223386,0.6544813246409558,0.9628325362261728,0.1230105677602765,0.5376508357714478,0.6633280256840379,0.4419348426079798,5.794571767469864,1.596907656694457,0.0
sdxl_rich,sdxl_0220.png,1,SDXL,True,46.45460270510736,0.9172769455501886,0.7438436371017387,1.0867492023542993,0.1408420326012432,0.4425967417485147,1.567250506703303,1.0793997434760758,0.2120807295198966,0.7298975795908316,0.0
sdxl_rich,sdxl_0221.png,1,SDXL,True,133.8602201008312,0.8817480447529052,0.7108704633835563,1.715784967081019,0.2422907135870676,0.3043112025107615,1.4323982939295945,0.8494970538313309,0.8717255484355876,0.4306819918875728,0.0
sdxl_rich,sdxl_0222.png,1,SDXL,True,31.918540912786725,0.8359829381134639,0.6731831639852643,1.4714123915388788,0.178854634615303,0.5834383050723735,76.68569797956076,44.27649170954195,0.9822026560631014,0.0927813074955938,0.0
sdxl_rich,sdxl_0223.png,1,SDXL,False,,,,,,,,,,,
sdxl_rich,sdxl_0224.png,1,SDXL,False,,,,,,,,,,,
sdxl_rich,sdxl_0225.png,1,SDXL,False,,,,,,,,,,,
sdxl_rich,sdxl_0226.png,1,SDXL,False,,,,,,,,,,,
sdxl_rich,sdxl_0227.png,1,SDXL,True,160.7710170038857,0.7502412181473068,0.5695334557971885,0.8225858034816123,0.0993700205459804,0.5903971249776443,3.603965291164186,2.2891998755524097,0.2369904287059674,0.0233355220327942,0.3333333333333333
sdxl_rich,sdxl_0228.png,1,SDXL,False,,,,,,,,,,,
sdxl_rich,sdxl_0229.png,1,SDXL,True,32.979264487219304,0.8818042935647006,0.7096296275969879,1.4486140401918386,0.1748287385957673,0.2208821561572123,3.6494963164291647,2.5480808140712856,0.0348587658094859,0.0018261575023919,0.0
sdxl_rich,sdxl_0230.png,1,SDXL,False,,,,,,,,,,,
sdxl_rich,sdxl_0231.png,1,SDXL,True,1242.467599686211,0.731244904185737,0.5217290791075345,0.756637013471701,0.1007709942856422,0.1287487548975204,0.8308071049739851,0.5866417698304026,0.270009745924311,,0.5
sdxl_rich,sdxl_0232.png,1,SDXL,False,,,,,,,,,,,
sdxl_rich,sdxl_0233.png,1,SDXL,False,,,,,,,,,,,
sdxl_rich,sdxl_0234.png,1,SDXL,False,,,,,,,,,,,
sdxl_rich,sdxl_0235.png,1,SDXL,True,1502.2214600621055,0.6787117212142251,0.4749519544535944,0.7399482821074435,0.1119232237096137,0.1436414786277214,0.1729261052087167,0.1218930456136132,0.0332135013793833,,0.5
sdxl_rich,sdxl_0236.png,1,SDXL,False,,,,,,,,,,,
sdxl_rich,sdxl_0237.png,1,SDXL,True,93.189205063664,0.7386537843764678,0.5465289068445794,0.7990626504702024,0.1056170572658122,0.3818865795916742,3.422086673398411,2.37173474288447,0.4943070182653173,,0.5
sdxl_rich,sdxl_0238.png,1,SDXL,False,,,,,,,,,,,
sdxl_rich,sdxl_0239.png,1,SDXL,False,,,,,,,,,,,
sdxl_rich,sdxl_0240.png,1,SDXL,False,,,,,,,,,,,
sdxl_rich,sdxl_0241.png,1,SDXL,True,13.554094146589865,0.9782615501084484,0.8120955470295317,1.6904299614494525,0.267875365310765,0.4834717717042468,3.539670330850683,2.4596268496913964,0.0625655715273761,0.0503902503240025,0.0
sdxl_rich,sdxl_0242.png,1,SDXL,True,168.367119379822,0.6684967668130001,0.4790655194038862,0.631889103368698,0.0707398539808499,0.6830528562031323,2.228565072639313,1.2978129524573616,0.1844020778651115,,1.0
sdxl_rich,sdxl_0243.png,1,SDXL,True,142.20513244442458,0.9279463663186028,0.7353831800281432,1.4156810120681285,0.1928099666120227,0.4709717213687869,1.5137907389943734,0.8839776165125978,0.289679144894144,0.57032472196956,0.25
sdxl_rich,sdxl_0244.png,1,SDXL,False,,,,,,,,,,,
sdxl_rich,sdxl_0245.png,1,SDXL,True,73.98887868254646,0.9837253672039306,0.8037893558897182,2.1140409532194413,0.3195753646440199,0.54656056224433,9.688975574819736,7.8026599506909955,0.8164240023894782,0.3783983042476198,0.0
sdxl_rich,sdxl_0246.png,1,SDXL,False,,,,,,,,,,,
sdxl_rich,sdxl_0247.png,1,SDXL,True,522.1596392902478,0.7522625804240325,0.5551929985120347,0.7521205273654505,0.1004127726533716,0.1749633952890055,0.8651619586269561,0.5748256622797391,0.5445306341557512,0.941052798769773,0.0
sdxl_rich,sdxl_0248.png,1,SDXL,False,,,,,,,,,,,
sdxl_rich,sdxl_0249.png,1,SDXL,False,,,,,,,,,,,
sdxl_pilot,sdxl_0000.png,1,SDXL,False,,,,,,,,,,,
sdxl_pilot,sdxl_0001.png,1,SDXL,False,,,,,,,,,,,
sdxl_pilot,sdxl_0002.png,1,SDXL,False,,,,,,,,,,,
sdxl_pilot,sdxl_0003.png,1,SDXL,False,,,,,,,,,,,
sdxl_pilot,sdxl_0004.png,1,SDXL,False,,,,,,,,,,,
sdxl_pilot,sdxl_0005.png,1,SDXL,True,81.23376018487063,0.8402968588300909,0.6856548711834521,1.7169026092568247,0.2135622470797122,0.5058929723654496,0.4121028366637347,0.3342253916594951,0.0475701377886758,1.9666019989223384,0.0
sdxl_pilot,sdxl_0006.png,1,SDXL,False,,,,,,,,,,,
sdxl_pilot,sdxl_0007.png,1,SDXL,False,,,,,,,,,,,
sdxl_pilot,sdxl_0008.png,1,SDXL,False,,,,,,,,,,,
sdxl_pilot,sdxl_0009.png,1,SDXL,True,1013.3948359355242,0.8829925751868137,0.6761748643166422,0.9287121057361368,0.1179390795496955,0.96955821824918,0.8239609248003319,0.6453983435875519,6.584259646267242,,1.0
sdxl_pilot,sdxl_0010.png,1,SDXL,False,,,,,,,,,,,
sdxl_pilot,sdxl_0011.png,1,SDXL,True,221.6086472164128,0.791816010601289,0.5859725169582324,0.9388290627750006,0.1202801150432507,0.5412419908726112,3.270978839192153,1.9093346169205447,0.1602531861425294,,1.0
sdxl_pilot,sdxl_0012.png,1,SDXL,True,18.04025153282791,0.8883502533630775,0.7272788591397062,1.0683087333955377,0.1312863448373429,0.8588423922136387,73.76403773861401,42.678571081664735,4.052858267613656,0.7746915617545245,0.0
sdxl_pilot,sdxl_0013.png,1,SDXL,True,315.8896541668349,0.9234779669053262,0.7185522901498388,2.3249251085723213,0.3527286539748426,0.3019117209539,0.1190903540335739,0.0770993251697703,0.070554787334895,0.9713595853670416,0.5
sdxl_pilot,sdxl_0014.png,1,SDXL,False,,,,,,,,,,,
sdxl_pilot,sdxl_0015.png,1,SDXL,True,179.34527963006192,0.9188552760189266,0.714585212389599,1.1113707378438915,0.1279286336942988,0.3361059204670241,0.2375429960513173,0.1410295121534977,0.5553816071451892,,0.5
sdxl_pilot,sdxl_0016.png,1,SDXL,True,244.9449369199212,0.8262841059358532,0.6385839143208213,1.2526516956422586,0.1393236765468653,0.3073175209976569,4.887059128864053,3.4661913467750343,1.1046296812691156,0.0719552608195712,0.0
sdxl_pilot,sdxl_0017.png,1,SDXL,False,,,,,,,,,,,
sdxl_pilot,sdxl_0018.png,1,SDXL,False,,,,,,,,,,,
sdxl_pilot,sdxl_0019.png,1,SDXL,True,23.2654574479027,0.8470263476447921,0.6890811454365331,1.0533755024000513,0.1175917436272415,0.3872730319143925,0.8340522750377204,0.5839191404315714,0.0589661973947132,0.0489201031046215,0.0
sdxl_pilot,sdxl_0020.png,1,SDXL,False,,,,,,,,,,,
sdxl_pilot,sdxl_0021.png,1,SDXL,False,,,,,,,,,,,
sdxl_pilot,sdxl_0022.png,1,SDXL,False,,,,,,,,,,,
sdxl_pilot,sdxl_0023.png,1,SDXL,False,,,,,,,,,,,
sdxl_pilot,sdxl_0024.png,1,SDXL,False,,,,,,,,,,,
sdxl_pilot,sdxl_0025.png,1,SDXL,True,5168.946206999909,0.8177625193088982,0.6255577160410398,0.8637184617788991,0.1208821196980637,0.6827083146958648,1.5280104404506716,0.98897606122822,6.199076758507933,,0.5
sdxl_pilot,sdxl_0026.png,1,SDXL,False,,,,,,,,,,,
sdxl_pilot,sdxl_0027.png,1,SDXL,False,,,,,,,,,,,
sdxl_pilot,sdxl_0028.png,1,SDXL,True,354.71490164766647,0.8672884268109217,0.6766919601282934,1.038741923116121,0.1200142056681421,0.5320703047056273,5.893055101277469,4.763464022329418,0.6407714840857092,0.5277409049371506,0.0
sdxl_pilot,sdxl_0029.png,1,SDXL,False,,,,,,,,,,,
sdxl_pilot,sdxl_0030.png,1,SDXL,False,,,,,,,,,,,
sdxl_pilot,sdxl_0031.png,1,SDXL,False,,,,,,,,,,,
sdxl_pilot,sdxl_0032.png,1,SDXL,False,,,,,,,,,,,
sdxl_pilot,sdxl_0033.png,1,SDXL,False,,,,,,,,,,,
sdxl_pilot,sdxl_0034.png,1,SDXL,True,815.480670915546,0.7379710093060194,0.5635388884308519,0.7727463524364314,0.0821992362524356,0.2963235891024716,6.449218102265292,4.705374567463459,6.106680707162645,,1.0
sdxl_pilot,sdxl_0035.png,1,SDXL,True,18.791508448217098,0.9348081120579148,0.733144196713025,2.8355873740951942,0.3833430850847442,0.6845321134161317,2.303356561411732,1.3906049501814717,0.1048378283682907,,0.6666666666666666
sdxl_pilot,sdxl_0036.png,1,SDXL,True,311.0058493552878,0.9448833973651156,0.7691206039259875,2.6333908240696644,0.3428888914427675,0.6063120616346522,77.82787088323917,44.982131754208496,50.07679925929283,,0.75
sdxl_pilot,sdxl_0037.png,1,SDXL,False,,,,,,,,,,,
sdxl_pilot,sdxl_0038.png,1,SDXL,False,,,,,,,,,,,
sdxl_pilot,sdxl_0039.png,1,SDXL,True,26.57548632474516,0.6779118555539128,0.5116055130201986,0.6361227906698694,0.0577142735327569,0.4162786821111957,1.5214807385437863,0.8922879506636123,0.0302477502275232,,0.5
sdxl_pilot,sdxl_0040.png,1,SDXL,False,,,,,,,,,,,
sdxl_pilot,sdxl_0041.png,1,SDXL,False,,,,,,,,,,,
sdxl_pilot,sdxl_0042.png,1,SDXL,False,,,,,,,,,,,
sdxl_pilot,sdxl_0043.png,1,SDXL,True,290.97778707380627,0.8125446222146068,0.6433242938128295,1.1640337672159589,0.1474302256980315,0.4886334073742198,4.420011941611875,3.3644291321618445,0.6089632387317151,0.2387335738315812,0.0
sdxl_pilot,sdxl_0044.png,1,SDXL,False,,,,,,,,,,,
sdxl_pilot,sdxl_0045.png,1,SDXL,True,268.6194774114318,0.8848070700221247,0.689448350778379,1.6952371231336996,0.2349297840275244,0.2139252640803229,1.4657525139352288,1.1096930033274968,0.1104668044418754,1.2883567119540658,0.5
sdxl_pilot,sdxl_0046.png,1,SDXL,False,,,,,,,,,,,
sdxl_pilot,sdxl_0047.png,1,SDXL,False,,,,,,,,,,,
sdxl_pilot,sdxl_0048.png,1,SDXL,True,9.238608179130184,0.8764723038423766,0.6941070674415691,1.6308741811283374,0.1897705723671363,0.747406775783092,15.013099983440142,11.61297037967291,1.4051570922114074,0.1588798477776807,0.3333333333333333
sdxl_pilot,sdxl_0049.png,1,SDXL,True,4936.641000556677,0.60144270154844,0.379176243923612,0.5363792512694592,0.0777038594621561,0.1108757810876243,0.7270374692911474,0.5430889853124913,0.9104512620158848,,0.0
sdxl_pilot,sdxl_0050.png,1,SDXL,False,,,,,,,,,,,
sdxl_pilot,sdxl_0051.png,1,SDXL,True,85.32757344329659,0.9575354360012592,0.7869113456648614,2.9865165852396407,0.4151850156350856,0.857216218721438,2.358494089967948,1.5351865842598618,0.5039479099098055,0.7338516209248889,0.0
sdxl_pilot,sdxl_0052.png,1,SDXL,True,83.25492440429333,0.8094090660744142,0.6395108916228502,1.3154621167904736,0.1885370319633408,0.5601391887285476,0.7656051841541966,0.5961814449062769,0.6986654831093863,0.1069395681234626,0.3333333333333333
sdxl_pilot,sdxl_0053.png,1,SDXL,True,202.4576724309163,0.933373038693412,0.7435947989636703,1.4252896615158492,0.2422169102987013,0.5109994255715882,1.0846470506345582,0.6264414338404063,0.077899579868458,,0.75
sdxl_pilot,sdxl_0054.png,1,SDXL,False,,,,,,,,,,,
sdxl_pilot,sdxl_0055.png,1,SDXL,True,199.08846637591648,0.9024889066386236,0.7132644446756639,2.0390699916855057,0.2529073895931961,0.607213516495612,1.721095629358743,1.169610227931168,0.1848033041856521,0.3624746253652464,0.0
sdxl_pilot,sdxl_0056.png,1,SDXL,True,35.589008110320286,0.9614597454790108,0.7907487492942509,1.7750377402997946,0.2700721225110331,0.8332459114068977,0.9358136948997356,0.5408316018490302,0.2846176994690635,1.5186774321881398,0.0
sdxl_pilot,sdxl_0057.png,1,SDXL,True,490.9866248248124,0.5501898851601517,0.3431470597118556,0.5196694222146341,0.0597744021716972,0.1582506361736775,1.058771117002209,0.6791179114937486,0.4123688266015596,0.8863410921037822,0.0
sdxl_pilot,sdxl_0058.png,1,SDXL,False,,,,,,,,,,,
sdxl_pilot,sdxl_0059.png,1,SDXL,True,52.45850684442161,0.8230197451713169,0.6536534518516887,0.7323808537193364,0.0621952290409805,0.5068263255987062,0.3716215072568332,0.224442593542522,0.2083549797884995,0.5660881307191827,0.0
sdxl_pilot,sdxl_0060.png,1,SDXL,False,,,,,,,,,,,
sdxl_pilot,sdxl_0061.png,1,SDXL,True,198.9225120964293,0.7673588695926644,0.5580073770098092,0.5450609838484232,0.0548824444571,0.9472605493812484,1.5115132922234835,0.903284896892045,0.3056909221883244,,1.0
sdxl_pilot,sdxl_0062.png,1,SDXL,False,,,,,,,,,,,
sdxl_pilot,sdxl_0063.png,1,SDXL,True,18.28817309074592,0.8739190613170494,0.6881071736906186,1.6271878391289736,0.2188682715274445,0.5072318437392584,2.51727302421493,1.7650561157190583,0.441195158297475,2.501162408095019,0.25
sdxl_pilot,sdxl_0064.png,1,SDXL,True,76.0717018212755,0.780918010163335,0.6153359758972734,0.7980953195857021,0.1009944798012144,0.1726264397908849,7.457161821013386,5.478241680672818,0.43019820407138,0.0468465019529906,0.0
sdxl_pilot,sdxl_0065.png,1,SDXL,False,,,,,,,,,,,
sdxl_pilot,sdxl_0066.png,1,SDXL,False,,,,,,,,,,,
sdxl_pilot,sdxl_0067.png,1,SDXL,False,,,,,,,,,,,
sdxl_pilot,sdxl_0068.png,1,SDXL,True,3.3189303143350277,0.94987195852203,0.7892152595230816,1.7190270120391142,0.2130942576339525,0.6390462799463104,26.94533247829341,19.838070290071176,6.87986125341232,0.0293959202501215,0.3333333333333333
sdxl_pilot,sdxl_0069.png,1,SDXL,True,63.4610716500128,0.8014109096919002,0.6296221656122735,1.0527964594500832,0.1228915228225067,0.6082460781378303,2.447073089455074,1.723224259612127,0.4626538101123095,,0.5
sdxl_pilot,sdxl_0070.png,1,SDXL,False,,,,,,,,,,,
sdxl_pilot,sdxl_0071.png,1,SDXL,False,,,,,,,,,,,
sdxl_pilot,sdxl_0072.png,1,SDXL,False,,,,,,,,,,,
sdxl_pilot,sdxl_0073.png,1,SDXL,True,11.05347357344716,0.8469385615347161,0.6710404379085086,3.093094171186224,0.3349819438499373,0.3728976764765564,5.500416439278126,4.107699833715942,0.814923496781527,0.0231183681494258,0.3333333333333333
sdxl_pilot,sdxl_0074.png,1,SDXL,True,282.3677571327065,0.7288425623599252,0.5706583598672674,0.7298578374591395,0.0705775893854507,0.7315545174535062,1.0721248310572804,0.8554802477964668,0.5052163951225448,0.1158209588366379,0.0
sdxl_pilot,sdxl_0075.png,1,SDXL,True,45.01378160930256,0.9067423694093892,0.7359559254721574,1.902765397825886,0.2428455270805257,0.4570602636083836,3.345649849244964,2.0848176086138253,0.3400000074242129,,1.0
sdxl_pilot,sdxl_0076.png,1,SDXL,True,533.2980658700411,0.861991182603812,0.6743480217847345,1.86546793233966,0.2911344811547983,0.3678913016005423,1.2430053777741108,0.7177894014724934,5.176495491172576,3.7058857373736327,0.5
sdxl_pilot,sdxl_0077.png,1,SDXL,False,,,,,,,,,,,
sdxl_pilot,sdxl_0078.png,1,SDXL,False,,,,,,,,,,,
sdxl_pilot,sdxl_0079.png,1,SDXL,True,10.410699929104418,0.8952105498498739,0.7275261370318639,1.0538393613624015,0.1074486308064752,0.5774467921960922,0.4251231360764222,0.3018070177519121,0.0912211939549724,,1.0
sdxl_pilot,sdxl_0080.png,1,SDXL,False,,,,,,,,,,,
sdxl_pilot,sdxl_0081.png,1,SDXL,False,,,,,,,,,,,
sdxl_pilot,sdxl_0082.png,1,SDXL,True,56.5781358033069,0.7882021741259503,0.6229111864876051,1.4234759514804542,0.1423850731260738,0.4813657325062919,5.8991818084212895,4.737352672736739,0.9271516254545228,0.2999742163242072,0.0
sdxl_pilot,sdxl_0083.png,1,SDXL,True,60.76568515520834,0.7860074359764854,0.5936734600788782,1.3603384705777026,0.1950140491912785,0.4589268448736452,7.443135850139029,4.34488884657708,0.3094184570720777,,1.0
sdxl_pilot,sdxl_0084.png,1,SDXL,True,1675.761852208396,0.8844936611640599,0.6967911573482681,1.052235475505571,0.119302987863544,0.7609327938633605,4.569391571593144,2.791582120247153,3.321285309676276,0.1349114833143101,0.0
sdxl_pilot,sdxl_0085.png,1,SDXL,True,5000.457471932493,0.7715714008652881,0.561359108078664,1.1100591579851793,0.167160058771848,0.3674033339046669,0.7962931684609629,0.5646264421087352,9.450608738328787,,1.0
sdxl_pilot,sdxl_0086.png,1,SDXL,False,,,,,,,,,,,
sdxl_pilot,sdxl_0087.png,1,SDXL,False,,,,,,,,,,,
sdxl_pilot,sdxl_0088.png,1,SDXL,False,,,,,,,,,,,
sdxl_pilot,sdxl_0089.png,1,SDXL,True,62.45784936198668,0.9085389890235124,0.7369340321841423,1.3512633094591044,0.204335937881789,0.9054166483004792,1.566686032075296,0.9600593265191976,0.2320541784541197,0.9497625383300444,0.3333333333333333
sdxl_pilot,sdxl_0090.png,1,SDXL,False,,,,,,,,,,,
sdxl_pilot,sdxl_0091.png,1,SDXL,True,13.308884005161358,0.9501120894895152,0.7831219751014278,1.8590238629300624,0.2404878744090738,0.5955351982070428,1.1764867487623434,0.8059919099049506,0.0209477952196474,0.2273274100038005,0.0
sdxl_pilot,sdxl_0092.png,1,SDXL,False,,,,,,,,,,,
sdxl_pilot,sdxl_0093.png,1,SDXL,True,90.17556029541934,0.8995361475795453,0.7165270214797517,1.846868253340321,0.2754187336752935,0.3191651935930857,0.6079315695942284,0.4218503304451549,1.043335831180716,1.6272728361363151,0.0
sdxl_pilot,sdxl_0094.png,1,SDXL,False,,,,,,,,,,,
sdxl_pilot,sdxl_0095.png,1,SDXL,False,,,,,,,,,,,
sdxl_pilot,sdxl_0096.png,1,SDXL,False,,,,,,,,,,,
sdxl_pilot,sdxl_0097.png,1,SDXL,True,2157.839322647062,0.767939241196964,0.6014038404895755,0.813538665156704,0.075726481690297,0.3303466719038866,0.6405037988601379,0.3953332832927206,6.440199840538703,0.6123100467497986,0.0
sdxl_pilot,sdxl_0098.png,1,SDXL,False,,,,,,,,,,,
sdxl_pilot,sdxl_0099.png,1,SDXL,True,22.191858146641163,0.8007292195843315,0.6391265224260334,0.952706269855574,0.1038539557140914,0.7000542379525017,2.366877263899781,1.632311047835759,0.1100345028937245,0.7674202440788358,0.0
sdxl_pilot,sdxl_0100.png,1,SDXL,False,,,,,,,,,,,
sdxl_pilot,sdxl_0101.png,1,SDXL,False,,,,,,,,,,,
sdxl_pilot,sdxl_0102.png,1,SDXL,True,3525.6438287836486,0.6024337818771223,0.4333397948648493,0.6832074495133907,0.056466972731809,0.8976525198328199,2.3015465090160063,1.3876765004442977,3.1927090262140307,,1.0
sdxl_pilot,sdxl_0103.png,1,SDXL,False,,,,,,,,,,,
sdxl_pilot,sdxl_0104.png,1,SDXL,True,105.06518497860284,0.7093591922815025,0.513527791039184,0.724266539510574,0.1035039085774233,0.3842416281476169,3.8697030021416055,2.3089560714397117,0.0944156653920318,,1.0
sdxl_pilot,sdxl_0105.png,1,SDXL,True,507.3590499546276,0.7095367836916295,0.518551598174387,0.9003947164584591,0.1031437774589386,0.3271850576814772,1.2333593772410438,0.7256890375552589,2.9182688971498534,,1.0
sdxl_pilot,sdxl_0106.png,1,SDXL,False,,,,,,,,,,,
sdxl_pilot,sdxl_0107.png,1,SDXL,False,,,,,,,,,,,
sdxl_pilot,sdxl_0108.png,1,SDXL,False,,,,,,,,,,,
sdxl_pilot,sdxl_0109.png,1,SDXL,False,,,,,,,,,,,
sdxl_pilot,sdxl_0110.png,1,SDXL,False,,,,,,,,,,,
sdxl_pilot,sdxl_0111.png,1,SDXL,True,7.824941076352196,0.9607671838393652,0.7867415423926891,1.8671615907205923,0.2375335231287499,0.4474156962685319,0.4794993474145883,0.3006024143082376,0.0107927117558866,0.0593245839744156,0.0
sdxl_pilot,sdxl_0112.png,1,SDXL,False,,,,,,,,,,,
sdxl_pilot,sdxl_0113.png,1,SDXL,True,59.32973799373665,0.9455872341852496,0.7738631509274426,2.051788105481108,0.3030466526274248,0.3944948598002797,0.6347119037392019,0.4841123739943681,0.8898317964642501,,0.5
sdxl_pilot,sdxl_0114.png,1,SDXL,True,563.5861206537487,0.8736629903969418,0.6996572490724123,1.296017049063994,0.1843099892032513,0.351978693459044,5.682126012248048,4.175184693576286,12.830774914918052,0.8510729250540319,0.0
sdxl_pilot,sdxl_0115.png,1,SDXL,True,537.6604541111197,0.8724775363479771,0.6835452640537776,1.617574141090634,0.2173130530759735,0.5212776327176212,0.5782585883112574,0.4410821764917929,0.8731722713675272,,1.0
sdxl_pilot,sdxl_0116.png,1,SDXL,True,1203.4645491356978,0.7977068520493006,0.5976588660377757,0.95399091270227,0.1014882897877697,0.5485030463209265,78.50936221605073,45.5117523134216,122.04309039459618,,1.0
sdxl_pilot,sdxl_0117.png,1,SDXL,True,157.25185061505212,0.7651634795610001,0.5853895770332986,0.7917064359581736,0.0992258483100947,0.7865590524371984,0.5640315989866451,0.3360669078048219,0.4142542785183659,0.2962300456008515,0.0
sdxl_pilot,sdxl_0118.png,1,SDXL,True,139.93992813755304,0.8138898725961635,0.6566966063147197,0.7855382854549237,0.0579448717784856,0.9045104506400484,0.591035773579236,0.396434182896731,0.1673206209178723,0.6781257886669225,0.0
sdxl_pilot,sdxl_0119.png,1,SDXL,True,289.2385091310254,0.8074624551686251,0.6086374056320227,0.8735568070351074,0.1022135563947224,0.4181739998344179,3.784727371705557,2.952566134646049,0.1962149652403638,,1.0
sdxl_pilot,sdxl_0120.png,1,SDXL,False,,,,,,,,,,,
sdxl_pilot,sdxl_0121.png,1,SDXL,True,33.904004641070934,0.6831362375674463,0.5116247962138583,0.7484147122115536,0.0911251233894527,0.5962882229850904,0.7415512510755065,0.4857962864386062,0.5779848986361803,,0.0
sdxl_pilot,sdxl_0122.png,1,SDXL,False,,,,,,,,,,,
sdxl_pilot,sdxl_0123.png,1,SDXL,True,12.861705448612122,0.8957976168266814,0.7121559092412282,1.90599577498766,0.2840257088636156,0.6606049129870486,1.450625912946549,1.0625466384189923,0.176538280770679,1.143718639454428,0.25
sdxl_pilot,sdxl_0124.png,1,SDXL,False,,,,,,,,,,,
sdxl_pilot,sdxl_0125.png,1,SDXL,False,,,,,,,,,,,
sdxl_pilot,sdxl_0126.png,1,SDXL,False,,,,,,,,,,,
sdxl_pilot,sdxl_0127.png,1,SDXL,False,,,,,,,,,,,
sdxl_pilot,sdxl_0128.png,1,SDXL,False,,,,,,,,,,,
sdxl_pilot,sdxl_0129.png,1,SDXL,True,664.4693540663683,0.848946035685862,0.6325219408480701,1.2782668717547816,0.1797632921332219,0.8816050987314497,1.3181584512807945,0.8205632420736407,0.8200805993471505,,1.0
sdxl_pilot,sdxl_0130.png,1,SDXL,True,58.913666817065725,0.9531668407560178,0.7652353720140302,1.6693084440289578,0.2557231383131806,0.576719369591936,4.991576136130092,2.929229651760397,2.5452495565749613,0.5503108706606783,0.5
sdxl_pilot,sdxl_0131.png,1,SDXL,True,50.607191646830834,1.0359421431196467,0.8792607274137421,2.415239641525144,0.3737977131668804,0.6738428132331636,3.078530815877329,1.8949951772208091,0.6882459858674079,0.9523837882793638,0.0
sdxl_pilot,sdxl_0132.png,1,SDXL,False,,,,,,,,,,,
sdxl_pilot,sdxl_0133.png,1,SDXL,True,214.7699810770788,0.8070282721448684,0.6462060332667524,2.3670622287274448,0.2840188788462573,0.2340664143456621,6.783063355259003,4.644357523568074,2.6204318114571468,,0.5
sdxl_pilot,sdxl_0134.png,1,SDXL,True,56.46962058480782,0.9739651342046786,0.7969731520679129,1.596378790288696,0.2842805026456437,0.5348723329562222,1.959850189308256,1.140633793583237,0.1218916899992147,0.1399950524938944,0.25
sdxl_pilot,sdxl_0135.png,1,SDXL,False,,,,,,,,,,,
sdxl_pilot,sdxl_0136.png,1,SDXL,True,101.18317283143564,0.8399416935807407,0.6770896169032394,1.3259237211342525,0.1781511750465736,0.3432267428746494,2.7377199926280724,1.8466750858048255,0.6543750665117447,0.720105535963051,0.0
sdxl_pilot,sdxl_0137.png,1,SDXL,False,,,,,,,,,,,
sdxl_pilot,sdxl_0138.png,1,SDXL,False,,,,,,,,,,,
sdxl_pilot,sdxl_0139.png,1,SDXL,False,,,,,,,,,,,
sdxl_pilot,sdxl_0140.png,1,SDXL,False,,,,,,,,,,,
sdxl_pilot,sdxl_0141.png,1,SDXL,False,,,,,,,,,,,
sdxl_pilot,sdxl_0142.png,1,SDXL,True,59.88969190274822,0.8936757253168441,0.7198865081043601,1.294308836612057,0.1454896018358465,0.5304796802814927,1.7744747137817427,1.2661486015480534,0.0488454657319993,0.3386059737856239,0.0
sdxl_pilot,sdxl_0143.png,1,SDXL,False,,,,,,,,,,,
sdxl_pilot,sdxl_0144.png,1,SDXL,False,,,,,,,,,,,
sdxl_pilot,sdxl_0145.png,1,SDXL,False,,,,,,,,,,,
sdxl_pilot,sdxl_0146.png,1,SDXL,False,,,,,,,,,,,
sdxl_pilot,sdxl_0147.png,1,SDXL,False,,,,,,,,,,,
sdxl_pilot,sdxl_0148.png,1,SDXL,False,,,,,,,,,,,
sdxl_pilot,sdxl_0149.png,1,SDXL,False,,,,,,,,,,,
sdxl_pilot,sdxl_0150.png,1,SDXL,False,,,,,,,,,,,
sdxl_pilot,sdxl_0151.png,1,SDXL,False,,,,,,,,,,,
sdxl_pilot,sdxl_0152.png,1,SDXL,False,,,,,,,,,,,
sdxl_pilot,sdxl_0153.png,1,SDXL,False,,,,,,,,,,,
sdxl_pilot,sdxl_0154.png,1,SDXL,False,,,,,,,,,,,
sdxl_pilot,sdxl_0155.png,1,SDXL,True,35.121696627223834,0.8777017779206369,0.7223491566053892,2.1613159990738318,0.2508481314950097,0.3944317043263028,0.6729260923719806,0.418990523003562,0.069325729998636,0.1212019631232248,0.0
sdxl_pilot,sdxl_0156.png,1,SDXL,False,,,,,,,,,,,
sdxl_pilot,sdxl_0157.png,1,SDXL,False,,,,,,,,,,,
sdxl_pilot,sdxl_0158.png,1,SDXL,False,,,,,,,,,,,
sdxl_pilot,sdxl_0159.png,1,SDXL,True,75.87192353698994,0.8173804825460126,0.6414876674362707,0.8519014575433486,0.0951108422430265,0.3790791827483084,4.283773127550376,2.6528341687773445,0.6860315716587352,0.1967909668860992,0.0
sdxl_pilot,sdxl_0160.png,1,SDXL,False,,,,,,,,,,,
sdxl_pilot,sdxl_0161.png,1,SDXL,True,89.48832264190828,0.6650031717973968,0.4731531649214856,1.0468305421737485,0.1263765831846744,0.3135587214406563,1.456428473148435,0.8637931223761895,0.7337253980029449,1.6022855271391885,0.0
sdxl_pilot,sdxl_0162.png,1,SDXL,False,,,,,,,,,,,
sdxl_pilot,sdxl_0163.png,1,SDXL,False,,,,,,,,,,,
sdxl_pilot,sdxl_0164.png,1,SDXL,True,153.6241296145597,0.8824047646206533,0.7020227114088812,1.099126494903339,0.1183165171217739,0.6493750820678629,7.921791615392166,5.051167069110494,0.4626154331515584,1.3046045495986132,0.0
sdxl_pilot,sdxl_0165.png,1,SDXL,True,615.8588253399412,0.7819010534556925,0.6109010294056084,0.986025335490862,0.1133441982772542,0.3815888062842827,1.089846415928605,0.6316514840340188,0.9493982707334736,,0.5
sdxl_pilot,sdxl_0166.png,1,SDXL,False,,,,,,,,,,,
sdxl_pilot,sdxl_0167.png,1,SDXL,False,,,,,,,,,,,
sdxl_pilot,sdxl_0168.png,1,SDXL,False,,,,,,,,,,,
sdxl_pilot,sdxl_0169.png,1,SDXL,True,138.51900699089555,0.8226248624741858,0.6468206245584093,1.053149572396339,0.119568502056484,0.9733372434159568,2.216701910826032,1.370243203001155,0.0802807227670996,0.025803677950793,0.0
sdxl_pilot,sdxl_0170.png,1,SDXL,False,,,,,,,,,,,
sdxl_pilot,sdxl_0171.png,1,SDXL,True,156.83619658328573,0.9813314673443084,0.814969617473138,2.0936030916599173,0.291511953388307,0.373069332866177,0.9643240541108896,0.5701000562238268,1.0183607779347223,0.5155108349572348,0.25
sdxl_pilot,sdxl_0172.png,1,SDXL,False,,,,,,,,,,,
sdxl_pilot,sdxl_0173.png,1,SDXL,True,155.00407762659736,0.908719659609232,0.7349864201565784,2.0342941882863657,0.2686421108381318,0.2946162968318414,0.4544836585341869,0.3540613966460865,0.7621684330234573,1.8801988432283343,0.0
sdxl_pilot,sdxl_0174.png,1,SDXL,True,172.90584381459217,0.8683001610847216,0.6804432378257567,1.1625907332409025,0.1743366934864037,0.94275063513435,2.042833876384819,1.266906059859724,0.2767304463961083,0.8616057452119827,0.0
sdxl_pilot,sdxl_0175.png,1,SDXL,True,298.1216541483625,0.9964023383197782,0.8067521801441182,2.17502087054807,0.2924520857096867,0.458873806204892,1.0887561802929326,0.6289035338022175,1.4393653333154712,,0.6666666666666666
sdxl_pilot,sdxl_0176.png,1,SDXL,False,,,,,,,,,,,
sdxl_pilot,sdxl_0177.png,1,SDXL,True,1379.348642367565,0.8046939889405036,0.6215771959074659,1.3628468761800077,0.1546919916658667,0.9651815899834248,0.2901306787931332,0.2223119745582433,1.5479328218206756,0.4977986400388161,0.0
sdxl_pilot,sdxl_0178.png,1,SDXL,False,,,,,,,,,,,
sdxl_pilot,sdxl_0179.png,1,SDXL,False,,,,,,,,,,,
sdxl_pilot,sdxl_0180.png,1,SDXL,False,,,,,,,,,,,
sdxl_pilot,sdxl_0181.png,1,SDXL,True,38.18915262739851,0.7354696854960984,0.568003515972707,0.8822903671308681,0.0972483904009978,0.621435774647692,1.4339422725433764,0.8622217348026623,0.1205825379035019,0.3675170763123505,0.0
sdxl_pilot,sdxl_0182.png,1,SDXL,False,,,,,,,,,,,
sdxl_pilot,sdxl_0183.png,1,SDXL,False,,,,,,,,,,,
sdxl_pilot,sdxl_0184.png,1,SDXL,True,114.96048527313128,0.7724375085452359,0.5932511560797725,1.0313942910459917,0.1083057786737922,0.8524702676590521,3.0343191808938457,2.110605325794061,0.6729853391460286,0.0399701245273149,0.3333333333333333
sdxl_pilot,sdxl_0185.png,1,SDXL,True,437.3512520260947,0.7670699684490231,0.5787876163918901,0.6693691237049619,0.058590147463568,0.3684913762683681,0.9478438354087756,0.7358209602133996,5.7927000504850215,,0.5
sdxl_pilot,sdxl_0186.png,1,SDXL,False,,,,,,,,,,,
sdxl_pilot,sdxl_0187.png,1,SDXL,False,,,,,,,,,,,
sdxl_pilot,sdxl_0188.png,1,SDXL,False,,,,,,,,,,,
sdxl_pilot,sdxl_0189.png,1,SDXL,True,34.25305639711066,0.6505765684466563,0.4993241985203797,0.5345688773297012,0.0389531333021472,0.7596809917504234,2.4937057556445126,1.8681490563346632,0.1020728632388384,1.2707229609176514,0.0
sdxl_pilot,sdxl_0190.png,1,SDXL,False,,,,,,,,,,,
sdxl_pilot,sdxl_0191.png,1,SDXL,True,181.69372913180823,0.8717047735525888,0.6820194437015125,1.2828284461021855,0.1541053706103978,0.5577510088567869,0.7013290468507876,0.5311627708384341,2.680011677016877,,0.6666666666666666
sdxl_pilot,sdxl_0192.png,1,SDXL,True,19.37888519716376,0.7897043276372481,0.6464019572044861,1.5105646926643956,0.1878398386072095,0.8895220431339771,2.6318840782256387,2.07097852947729,0.0969102713979591,0.4290177355034892,0.0
sdxl_pilot,sdxl_0193.png,1,SDXL,True,110.56838737633952,0.6394396995570699,0.4801198629480442,1.654007314396909,0.1732627837433392,0.221908231278962,2.118988502309165,1.502925339545223,0.2009452291687699,,0.5
sdxl_pilot,sdxl_0194.png,1,SDXL,False,,,,,,,,,,,
sdxl_pilot,sdxl_0195.png,1,SDXL,False,,,,,,,,,,,
sdxl_pilot,sdxl_0196.png,1,SDXL,False,,,,,,,,,,,
sdxl_pilot,sdxl_0197.png,1,SDXL,False,,,,,,,,,,,
sdxl_pilot,sdxl_0198.png,1,SDXL,True,539.8015664739479,0.8119485815078924,0.6226658380971026,1.1283259596280175,0.1787602858066099,0.4616295641200777,0.648117203753273,0.4895197855708191,1.0344386197136497,0.5255816239982742,0.0
sdxl_pilot,sdxl_0199.png,1,SDXL,True,28.620283155783756,0.8318292653620714,0.658969916325843,1.1251035902388524,0.1407763481995079,0.8567230500860862,0.5622282003321004,0.3354948140061081,0.1099085462696831,0.1763678733279148,0.3333333333333333
gemini,0000.png,1,Gemini,False,,,,,,,,,,,
gemini,0001.png,1,Gemini,False,,,,,,,,,,,
gemini,0002.png,1,Gemini,False,,,,,,,,,,,
gemini,0003.png,1,Gemini,False,,,,,,,,,,,
gemini,0004.png,1,Gemini,False,,,,,,,,,,,
gemini,0005.png,1,Gemini,False,,,,,,,,,,,
gemini,0006.png,1,Gemini,False,,,,,,,,,,,
gemini,0007.png,1,Gemini,False,,,,,,,,,,,
gemini,0008.png,1,Gemini,False,,,,,,,,,,,
gemini,0009.png,1,Gemini,False,,,,,,,,,,,
gemini,0010.png,1,Gemini,True,163.09464712213082,0.9298542200736648,0.7684049601723464,1.4889521861779145,0.2161644882392309,0.2480554794990037,85.96210046461911,49.642308467849645,26.008030612204493,0.1612464775628534,0.3333333333333333
gemini,0011.png,1,Gemini,False,,,,,,,,,,,
gemini,0012.png,1,Gemini,False,,,,,,,,,,,
gemini,0013.png,1,Gemini,True,53.89897937824818,0.930824285964646,0.7726342138971293,1.5619912407748893,0.1974978153679316,0.4560502503796559,19.947876266322268,14.120226252108006,0.7944629841624763,,1.0
gemini,0014.png,1,Gemini,False,,,,,,,,,,,
gemini,0015.png,1,Gemini,True,6.020894037839577,1.0108760314216303,0.837641340518144,2.8433348029224224,0.3900115070695285,0.7013054613749728,14.9544564539963,8.791223286692537,0.3559090604078466,1.9181292572384727,0.25
gemini,0016.png,1,Gemini,False,,,,,,,,,,,
gemini,0017.png,1,Gemini,False,,,,,,,,,,,
gemini,0018.png,1,Gemini,False,,,,,,,,,,,
gemini,0019.png,1,Gemini,False,,,,,,,,,,,
gemini,0020.png,1,Gemini,False,,,,,,,,,,,
gemini,0021.png,1,Gemini,True,112.02720461564898,0.8057124739592961,0.6214008476123193,0.803250710126882,0.0994486734316542,0.7709902682592725,1.4103247568909012,1.0463737726517788,1.1517743594603818,,0.5
gemini,0022.png,1,Gemini,False,,,,,,,,,,,
gemini,0023.png,1,Gemini,False,,,,,,,,,,,
gemini,0024.png,1,Gemini,False,,,,,,,,,,,
gemini,0025.png,1,Gemini,True,339.848210465586,0.6870216356900144,0.530679430566773,0.916869400657591,0.0931311184874886,0.5185207478044997,1.3817692239394574,0.8350471772498598,1.4035113646948212,,0.0
gemini,0026.png,1,Gemini,False,,,,,,,,,,,
gemini,0027.png,1,Gemini,True,47.69617776740496,0.8035186527820994,0.5875974996229446,0.8050755884200311,0.0948016900775413,0.57659872038541,14.430476400627768,8.445780426661221,12.323058205341187,,1.0
gemini,0028.png,1,Gemini,True,128.7249097680348,1.0080278649981589,0.8238834626376622,2.049844856589272,0.3283273999986458,0.8196470601105021,19.357303159338656,14.953386146457063,3.466287736058841,,1.0
gemini,0029.png,1,Gemini,False,,,,,,,,,,,
gemini,0030.png,1,Gemini,False,,,,,,,,,,,
gemini,0031.png,1,Gemini,False,,,,,,,,,,,
gemini,0032.png,1,Gemini,False,,,,,,,,,,,
gemini,0033.png,1,Gemini,True,7.2869356665185245,0.9746608055465706,0.7950619494273705,1.39426844098009,0.2164099619013981,0.5924553040890467,0.7219720055534395,0.5489093002471248,0.3806058654323195,0.0251032305217329,0.25
gemini,0034.png,1,Gemini,False,,,,,,,,,,,
gemini,0035.png,1,Gemini,True,171.45979422260768,0.9078976195216032,0.7269796346795371,2.5089299483897403,0.3590057912415543,0.3887698406922962,1.8369142740712332,1.27859218740262,0.4803666993347738,,0.6666666666666666
gemini,0036.png,1,Gemini,False,,,,,,,,,,,
gemini,0037.png,1,Gemini,True,292.2740784292112,0.8314741350214464,0.6354224509704293,0.7290572584107834,0.0719413656941144,0.5086894980321082,0.7720681088259624,0.4874287774412443,1.072120822176861,0.2730593047610465,0.0
gemini,0038.png,1,Gemini,False,,,,,,,,,,,
gemini,0039.png,1,Gemini,True,1605.2712167508296,0.7542926294965469,0.5896034027908125,0.8042279741856954,0.0983162913572193,0.6280879385849625,4.123790849287374,2.785599144626828,12.570072508583214,,1.0
gemini,0040.png,1,Gemini,False,,,,,,,,,,,
gemini,0041.png,1,Gemini,False,,,,,,,,,,,
gemini,0042.png,1,Gemini,False,,,,,,,,,,,
gemini,0043.png,1,Gemini,False,,,,,,,,,,,
gemini,0044.png,1,Gemini,False,,,,,,,,,,,
gemini,0045.png,1,Gemini,True,276.33618610197067,0.8473754317577104,0.6494152965055072,1.0291449838649762,0.1302681853474221,0.54692266686945,0.7976060228838833,0.5777945744364384,0.327930656341301,,0.6666666666666666
gemini,0046.png,1,Gemini,True,7.135583188381728,0.9018780979568022,0.715431190296345,0.9179103079363904,0.0920684873680933,0.4776744227360202,15.53329924543182,12.769096458626146,0.240456159350651,2.150831866116971,0.0
gemini,0047.png,1,Gemini,False,,,,,,,,,,,
gemini,0048.png,1,Gemini,False,,,,,,,,,,,
gemini,0049.png,1,Gemini,False,,,,,,,,,,,
gemini,0050.png,1,Gemini,False,,,,,,,,,,,
gemini,0070.png,1,Gemini,False,,,,,,,,,,,
gemini,0071.png,1,Gemini,False,,,,,,,,,,,
gemini,0072.png,1,Gemini,False,,,,,,,,,,,
gemini,0073.png,1,Gemini,False,,,,,,,,,,,
gemini,0074.png,1,Gemini,True,10.948083974914365,1.044669789724335,0.8751713022362414,2.083761513398449,0.319253436124871,0.4061758152639229,1.9510440469685195,1.1368905911904428,0.1515377045181806,0.3481419849728366,0.3333333333333333
gemini,0075.png,1,Gemini,False,,,,,,,,,,,
gemini,0076.png,1,Gemini,False,,,,,,,,,,,
gemini,0077.png,1,Gemini,True,213.028272405112,0.7474903359265569,0.5682008052331549,0.7147543101944394,0.0845646875313981,0.8743182196423026,3.1604756961040863,1.8872586323420648,0.4418867263968623,,0.5
gemini,0078.png,1,Gemini,False,,,,,,,,,,,
gemini,0079.png,1,Gemini,False,,,,,,,,,,,
gemini,0080.png,1,Gemini,False,,,,,,,,,,,
gemini,0081.png,1,Gemini,True,38.95998304859273,0.6426498617002635,0.4780739992761407,0.3926551008563779,0.0201414237628588,0.5212511089339988,0.6297465194315208,0.3713838574987139,0.1667722189093569,1.108665069524438,0.0
gemini,0082.png,1,Gemini,True,4.813588027965288,0.8492648116581407,0.6831860174340192,1.5755790369420968,0.218390613875468,0.3463911693507876,5.6603951806860096,3.8378709383684746,0.1225710190544174,0.1550082272895192,0.0
gemini,0083.png,1,Gemini,False,,,,,,,,,,,
gemini,0084.png,1,Gemini,True,7.838935547204175,0.7937179778624781,0.6060590270111993,0.8451025468698597,0.0743347751963412,0.2620998934390807,0.4815222722384646,0.371415246872352,0.0122734126603258,0.013438109839841,0.3333333333333333
gemini,0085.png,1,Gemini,True,13.901539308983246,0.7094527210054945,0.5333252297771963,1.4046068125554665,0.1746906671885785,0.2700769334227114,1.0213473222281806,0.644332725812687,0.0119553213056465,0.0041353429286088,0.0
gemini,0086.png,1,Gemini,False,,,,,,,,,,,
gemini,0087.png,1,Gemini,True,29.619908832175337,0.7224757159609261,0.5249256796415893,2.1349818994491296,0.220714587476731,0.3326324913380308,29.159901697638645,17.53449623811713,6.1979850734390896,1.825119510406904,0.3333333333333333
gemini,0088.png,1,Gemini,False,,,,,,,,,,,
gemini,0089.png,1,Gemini,True,22.37223584578179,0.7178787216490331,0.5421143419324612,0.6664861650265125,0.076469011058229,0.2644352330754363,0.2045468938586765,0.1361268713541344,0.0025083048477878,0.0509664705930834,0.0
gemini,0090.png,1,Gemini,False,,,,,,,,,,,
gemini,0091.png,1,Gemini,True,15.202503670148277,0.6383132002005505,0.4557273812983219,0.862990690423943,0.101930680099447,0.4056715459058828,0.6139237168025602,0.3608514830592656,0.0981629614454292,0.5436637698018645,0.0
gemini,0092.png,1,Gemini,True,92.4117846187783,0.8908587396658417,0.7294183929417543,1.6308512757588685,0.2611855345760951,0.8475481393963457,3.089057614538561,1.830261837422759,1.7351464392275628,0.6690970897601574,0.25
gemini,0093.png,1,Gemini,True,18.827942562623043,0.8868974267221233,0.7143311675042003,1.7448584848986686,0.226690338254565,0.4492313213087619,0.074462679704979,0.0431551400850973,0.0296696749081169,0.1817950895909543,0.0
gemini,0094.png,1,Gemini,False,,,,,,,,,,,
gemini,0095.png,1,Gemini,False,,,,,,,,,,,
gemini,0096.png,1,Gemini,True,114.31537730130982,0.8777817667934769,0.7179545213784406,1.3572559200897207,0.1700418366219918,0.9060664036296592,10.269985575031484,7.935336726895557,17.777419811797017,1.930894536100292,0.0
gemini,0097.png,1,Gemini,True,13484.277441877255,0.7976832011959962,0.5913286502239624,1.2280934252240876,0.140969044698085,0.466698258561639,1.5400739392835874,0.8954652461070962,77.12399321949906,,1.0
gemini,0098.png,1,Gemini,False,,,,,,,,,,,
gemini,0099.png,1,Gemini,False,,,,,,,,,,,
gemini,0100.png,1,Gemini,False,,,,,,,,,,,
gemini,0101.png,1,Gemini,False,,,,,,,,,,,
gemini,0102.png,1,Gemini,False,,,,,,,,,,,
gemini,0103.png,1,Gemini,True,8.09937422306449,0.8411669996873308,0.6933768140962737,3.304061363047599,0.3417012789961239,0.5802044845107238,75.38134847855952,69.56683011774808,136.24622738632254,,0.75
gemini,0104.png,1,Gemini,True,733.4679950318184,0.9611989726225246,0.7796464158937296,1.884529301148928,0.2754958501173744,0.9404294064123562,4.8541423198540485,3.048266901491669,21.80385667033443,0.65229724827363,0.0
gemini,0105.png,1,Gemini,True,300.75074841040697,0.8259106633265945,0.6633700916670892,1.0389138252264611,0.1108494833636208,0.3734994751191028,3.021150369528371,2.064543743391738,2.071790327925305,0.183681402035357,0.0
gemini,0106.png,1,Gemini,False,,,,,,,,,,,
gemini,0107.png,1,Gemini,False,,,,,,,,,,,
gemini,0108.png,1,Gemini,False,,,,,,,,,,,
gemini,0109.png,1,Gemini,False,,,,,,,,,,,
gemini,0110.png,1,Gemini,False,,,,,,,,,,,
gemini,0111.png,1,Gemini,True,25.98436844123156,0.9255725161136455,0.7712025664622544,1.5045874707349327,0.2076113256225372,0.5374780932461198,0.602232273771321,0.425355852393519,0.185028936904655,0.6237270631797571,0.25
gemini,0112.png,1,Gemini,True,23.609056784129457,0.8364344631393991,0.6559054313286643,1.714479307015104,0.2340343522171882,0.5221149930160973,2.7588161582406343,2.155850519647267,0.0794745804301029,,0.0
gemini,0113.png,1,Gemini,False,,,,,,,,,,,
gemini,0114.png,1,Gemini,False,,,,,,,,,,,
gemini,0115.png,1,Gemini,False,,,,,,,,,,,
gemini,0116.png,1,Gemini,False,,,,,,,,,,,
gemini,0117.png,1,Gemini,False,,,,,,,,,,,
gemini,0118.png,1,Gemini,False,,,,,,,,,,,
gemini,0119.png,1,Gemini,False,,,,,,,,,,,
gemini,0120.png,1,Gemini,False,,,,,,,,,,,
gemini,0121.png,1,Gemini,True,37.435394904943415,0.8355989874198948,0.6169662534506752,0.7914607093387147,0.0992746395440792,0.7971810218604214,1.835424293874638,1.3075479105048,0.5007185830938375,,0.0
gemini,0122.png,1,Gemini,True,532.0729033067976,0.8982334674766783,0.7232017936179281,1.428629787707883,0.2122527137188336,0.2203539025553161,8.986696644282901,7.173374585858821,5.343832419943471,0.0454981222072135,0.0
gemini,0123.png,1,Gemini,False,,,,,,,,,,,
gemini,0124.png,1,Gemini,False,,,,,,,,,,,
gemini,0125.png,1,Gemini,False,,,,,,,,,,,
gemini,0126.png,1,Gemini,False,,,,,,,,,,,
gemini,0127.png,1,Gemini,False,,,,,,,,,,,
gemini,0128.png,1,Gemini,True,24.966165578807168,1.045067591905894,0.8780271226790775,2.6832016150260958,0.3761113970655856,0.6270404695318723,9.576507549743638,7.725472633178113,0.1710824797004792,0.1907750135861459,0.0
gemini,0129.png,1,Gemini,False,,,,,,,,,,,
gemini,0130.png,1,Gemini,True,13.64467754208886,1.0286936326241047,0.8844852810763902,1.477570993262768,0.2051059710674935,0.7431557722925674,71.51609555130766,41.50515637854528,2.932960525729348,0.6649832844531076,0.25
gemini,0131.png,1,Gemini,False,,,,,,,,,,,
gemini,0132.png,1,Gemini,True,194.99980160605568,0.8061758485341718,0.6140529025911785,2.5294498472213465,0.2960524863539178,0.6791466540637123,7.430291643423601,4.84450704996295,6.82235836392402,,0.6666666666666666
gemini,0133.png,1,Gemini,False,,,,,,,,,,,
gemini,0134.png,1,Gemini,False,,,,,,,,,,,
gemini,0135.png,1,Gemini,True,209.6459106552812,0.7613690088127484,0.5520655253735415,3.619846369335374,0.434157116060523,0.5551992067867498,2.422750005549858,1.9763664966225052,12.375485742972945,1.0264079829949695,0.5
gemini,0136.png,1,Gemini,False,,,,,,,,,,,
gemini,0137.png,1,Gemini,True,81.09345948243586,0.8611511578954567,0.6706782239311152,1.3445100295724324,0.1804106024465783,0.5139753746844843,4.041105164155681,2.799851380667234,0.2780638781481873,,1.0
gemini,0138.png,1,Gemini,False,,,,,,,,,,,
gemini,0139.png,1,Gemini,True,77.50336057342382,0.7892905507919885,0.6186834907717208,0.845690530097827,0.0872749749582495,0.5551061077674789,0.9528224679166044,0.5668755187310124,0.6191095637019389,,0.5
gemini,0140.png,1,Gemini,False,,,,,,,,,,,
gemini,0141.png,1,Gemini,False,,,,,,,,,,,
gemini,0142.png,1,Gemini,False,,,,,,,,,,,
gemini,0143.png,1,Gemini,True,70.96425942212312,0.6143048764835118,0.4824604759206572,0.5766821877129232,0.0317494042106582,0.7133704022833081,10.706633477243628,6.8672920874749614,2.2719621904995217,,0.5
gemini,0144.png,1,Gemini,False,,,,,,,,,,,
gemini,0145.png,1,Gemini,True,38.21448737649008,0.8201371695292329,0.64893893183166,1.1238041795019575,0.1111793503822759,0.5545627143947033,1.6899432504249603,1.161693378609017,0.1277361903242495,,1.0
gemini,0146.png,1,Gemini,False,,,,,,,,,,,
gemini,0147.png,1,Gemini,False,,,,,,,,,,,
gemini,0148.png,1,Gemini,False,,,,,,,,,,,
gemini,0149.png,1,Gemini,False,,,,,,,,,,,
gemini,0150.png,1,Gemini,False,,,,,,,,,,,
gemini,0151.png,1,Gemini,False,,,,,,,,,,,
gemini,0152.png,1,Gemini,False,,,,,,,,,,,
gemini,0153.png,1,Gemini,True,2.140029026558756,0.8318689185125742,0.6321261084752038,1.189838211440525,0.1980519640627266,0.4224330868197918,10.064392367843098,6.289205602259197,1.0042520629092089,0.2049816288180004,0.25
gemini,0154.png,1,Gemini,False,,,,,,,,,,,
gemini,0155.png,1,Gemini,True,10.420075870511235,0.9719971131000786,0.7933874274550087,2.15473929780322,0.308041275547047,0.9240179985559708,5.915721578404742,3.4747349910456937,0.3777192611544469,,0.75
gemini,0156.png,1,Gemini,False,,,,,,,,,,,
gemini,0157.png,1,Gemini,False,,,,,,,,,,,
gemini,0158.png,1,Gemini,False,,,,,,,,,,,
gemini,0159.png,1,Gemini,True,27.840751684918875,0.8436836689673864,0.6776093454418063,1.0396061288200464,0.1137627914231609,0.632816494874556,0.3046878960740571,0.1933008506044327,0.0914341521629588,0.338309692294465,0.0
gemini,0160.png,1,Gemini,False,,,,,,,,,,,
gemini,0161.png,1,Gemini,False,,,,,,,,,,,
gemini,0162.png,1,Gemini,False,,,,,,,,,,,
gemini,0163.png,1,Gemini,True,38.5230535464172,0.8654488171971124,0.6898985414333397,2.209516211721704,0.2386530923575258,0.8976980557931343,77.36646800763467,44.72075506211198,1.5963485090397995,1.4435979973731774,0.5
gemini,0164.png,1,Gemini,False,,,,,,,,,,,
gemini,0165.png,1,Gemini,True,208.4774549845264,0.6685071147311924,0.4855411494962858,0.5640572082179404,0.0514514572827505,0.2909975607417087,0.691640901305675,0.4869742549345162,0.8632656544826425,,0.5
gemini,0166.png,1,Gemini,False,,,,,,,,,,,
gemini,0167.png,1,Gemini,False,,,,,,,,,,,
gemini,0168.png,1,Gemini,False,,,,,,,,,,,
gemini,0169.png,1,Gemini,False,,,,,,,,,,,
gemini,0170.png,1,Gemini,False,,,,,,,,,,,
gemini,0171.png,1,Gemini,False,,,,,,,,,,,
gemini,0172.png,1,Gemini,True,133.63475031934985,0.9194760950094344,0.7558224413647886,1.221009362068469,0.1762004658342024,0.4464276305607966,9.84523666250128,6.802698697267501,1.437304007590677,,1.0
gemini,0173.png,1,Gemini,True,32347.609581443547,0.8160937386158256,0.633471793325224,3.078183192034089,0.3294864249462389,0.2910299552187294,8.38686587010308,4.873369407141619,149.64149769994793,,
gemini,0174.png,1,Gemini,False,,,,,,,,,,,
gemini,0175.png,1,Gemini,True,91.57406540465745,0.8595157386064511,0.6923526253829803,1.68466573412653,0.2255958869888498,0.9217119586034358,10.89664427246666,6.511568048730047,0.4322072315794872,,1.0
gemini,0176.png,1,Gemini,True,4657.819925919871,0.8912335898802612,0.7135625007035122,1.66382035929294,0.2381460153321232,0.3622537268825684,3.054835301302518,1.956065040796467,27.23091216206192,,1.0
gemini,0177.png,1,Gemini,True,45.61036774464112,0.8348566085441573,0.6499667013513524,1.1189683250218694,0.1183307636751487,0.4081499305199761,4.051344047842591,2.8796649368148843,0.3690850123237675,0.1350752296078905,0.0
gemini,0178.png,1,Gemini,True,95.74700068962792,0.6936405080391899,0.5235048735707765,0.6262762103372402,0.0556645309667333,0.3233212277304035,5.249350740300045,3.427041300689256,0.6769497829199929,0.119363551707754,0.0
gemini,0179.png,1,Gemini,False,,,,,,,,,,,
gemini,0180.png,1,Gemini,False,,,,,,,,,,,
gemini,0181.png,1,Gemini,False,,,,,,,,,,,
gemini,0182.png,1,Gemini,False,,,,,,,,,,,
gemini,0183.png,1,Gemini,False,,,,,,,,,,,
gemini,0184.png,1,Gemini,False,,,,,,,,,,,
gemini,0185.png,1,Gemini,True,12.162576685450793,0.8723499089871701,0.6915961450870339,0.8820058830164754,0.105155743549622,0.4122998807771557,1.479636579764346,0.9118330684741548,0.114981794149625,0.1054058544466221,0.3333333333333333
gemini,0186.png,1,Gemini,True,62.97930857424046,0.818110150981724,0.6568945669438733,0.9843204109168392,0.1051560293724815,0.3636400792652395,14.99766317807132,10.641899234215606,0.8069565647726674,0.0791130145560439,0.0
gemini,0187.png,1,Gemini,False,,,,,,,,,,,
gemini,0188.png,1,Gemini,False,,,,,,,,,,,
gemini,0189.png,1,Gemini,False,,,,,,,,,,,
gemini,0190.png,1,Gemini,True,71.41381483103086,0.8357729988771097,0.6615287609443242,1.8566738000568157,0.2200903178102974,0.8734470258932439,64.39046040416396,37.8989719083886,14.88955542559612,0.5047346927872214,0.0
gemini,0191.png,1,Gemini,False,,,,,,,,,,,
gemini,0192.png,1,Gemini,False,,,,,,,,,,,
gemini,0193.png,1,Gemini,True,23.477632363536134,0.9601052607038316,0.8003207678169643,4.445389902505967,0.4940125816594069,0.4392944865009738,26.898297724404017,15.592294981496869,6.899300458147172,,0.75
gemini,0194.png,1,Gemini,False,,,,,,,,,,,
gemini,0195.png,1,Gemini,True,52.298386106432304,0.9522892202858656,0.7762963558141471,2.5254001058769213,0.3236241171611892,0.4724216382349748,0.6040671071188797,0.3497640124485912,0.2415270959880086,3.901763145730275,0.25
gemini,0196.png,1,Gemini,False,,,,,,,,,,,
gemini,0197.png,1,Gemini,False,,,,,,,,,,,
gemini,0198.png,1,Gemini,False,,,,,,,,,,,
gemini,0199.png,1,Gemini,False,,,,,,,,,,,
gptimage,0000.png,1,ChatGPT,False,,,,,,,,,,,
gptimage,0001.png,1,ChatGPT,True,18.80479751855733,0.7437376828626855,0.5565567039138112,0.591776132559912,0.0647432940014141,0.7719068671970507,2.061581080572097,1.261168557576645,0.1677287047464967,0.345578799787793,0.0
gptimage,0002.png,1,ChatGPT,False,,,,,,,,,,,
gptimage,0003.png,1,ChatGPT,False,,,,,,,,,,,
gptimage,0004.png,1,ChatGPT,False,,,,,,,,,,,
gptimage,0005.png,1,ChatGPT,True,23.13219540497988,0.8240660136455533,0.6364782355077441,1.47476065718956,0.1645972181335917,0.5471165654230027,6.351742384039781,4.044646070288956,0.0700208929731835,0.013857323525384,0.0
gptimage,0006.png,1,ChatGPT,True,9.166390910492945,0.7506786320077133,0.6030294573629482,0.7312530444332357,0.0566538200858442,0.2873808413879699,2.1757175433667584,1.6320478859595626,0.0379872680331476,0.0063883566968332,0.0
gptimage,0007.png,1,ChatGPT,True,43.75362058753695,0.7004631935287445,0.5176190197341203,1.2947582849853942,0.1247966097430916,0.2774773417050448,19.793441577257557,13.479373455596422,3.26445428429282,,0.5
gptimage,0008.png,1,ChatGPT,True,5.1043479057639205,0.8126861136085646,0.6331420207969247,1.2704132660999083,0.1463789133417624,0.7119235231414858,2.474185714769078,2.1735653338122525,0.0434031868524907,0.0107405354525997,0.0
gptimage,0009.png,1,ChatGPT,True,146.91086791947015,0.6602427095068512,0.4857281886436732,1.3148049169209,0.1470997128988684,0.2421291772926282,3.5193896499795443,2.322124412123092,1.5535545124459995,,1.0
gptimage,0010.png,1,ChatGPT,True,23.944327521294117,0.8187992699568925,0.631754739455431,2.089007270318028,0.2663757409316725,0.8408739137445944,41.15844971609543,23.76510336409613,0.2146236648154627,0.4972579709391054,0.0
gptimage,0011.png,1,ChatGPT,True,74.83411504721391,0.7848197925536013,0.6259452952865017,1.199301553554961,0.1282444829407517,0.3900892037975458,4.935926208324304,3.617022759841317,0.4559163370830331,0.0959581063282959,0.0
gptimage,0012.png,1,ChatGPT,False,,,,,,,,,,,
gptimage,0013.png,1,ChatGPT,True,9.874332393710292,0.7223738250767716,0.55586962088853,1.7814086310260138,0.1839266885880401,0.1864979225272701,1.3749634858820627,0.8183604106411133,0.0606138516193717,0.1608421259262513,0.0
gptimage,0014.png,1,ChatGPT,True,16.944056580842698,0.6860785593273043,0.5288555992996031,1.0363359749540568,0.125356079180836,0.7569057885435045,0.968966314021486,0.6692010890211176,0.1451635208072935,0.857699422622864,0.3333333333333333
gptimage,0015.png,1,ChatGPT,True,101.22679279637664,0.8260611024476308,0.6469274529707126,2.440839549939393,0.2716984808185857,0.5841449324061205,4.067820613921043,2.5976893949324955,0.1122442601727339,0.1256713907720534,0.0
gptimage,0016.png,1,ChatGPT,True,14.3928507845364,0.8475842357571678,0.6588272351338077,1.824312346817548,0.2798313086468369,0.3866986198542713,3.735542432295773,2.297717320010557,0.1376445961772702,0.969096353262656,0.0
gptimage,0017.png,1,ChatGPT,True,305.57489290382284,0.5975200532086161,0.4156498203448822,0.3789987603998899,0.0302276971831286,0.3454602136264663,1.1543438664274532,0.7270043180549436,1.816853890005508,0.4635299839077751,0.0
gptimage,0018.png,1,ChatGPT,True,30.87894173625746,0.7142453836969901,0.5308087649340579,0.998175431494481,0.1308267426680102,0.3767127900367787,0.4410704693047478,0.3106040783869286,0.0132086180314111,0.0426593520020937,0.0
gptimage,0019.png,1,ChatGPT,True,20.4458974958177,0.714295715464249,0.5394618989293736,1.032768225705191,0.1323532064693649,0.6663227544891414,1.600512553642773,1.0256964632026715,0.0557246314173704,0.1236401214757565,0.0
gptimage,0020.png,1,ChatGPT,True,3.842358940051555,0.6880660289402283,0.5306590768015307,1.0745652271419608,0.1437233883723943,0.183142208539019,0.2434241360965074,0.1551050809847747,0.0068819060728216,0.0157902877260136,0.0
gptimage,0021.png,1,ChatGPT,True,976.090791981288,0.7076220219625783,0.4932571143258623,0.4091509901463651,0.0315467135855562,0.5186019672996495,0.9034832030241516,0.5721797456084154,1.5058232405737977,,0.5
gptimage,0022.png,1,ChatGPT,False,,,,,,,,,,,
gptimage,0023.png,1,ChatGPT,False,,,,,,,,,,,
gptimage,0024.png,1,ChatGPT,True,21.96398171924386,0.8137094974526605,0.6254202255412084,0.9585850396971712,0.1353168239770166,0.2551784299010206,1.3867459221072664,0.8130238432015582,0.1044242658695916,0.4196378183106866,0.0
gptimage,0025.png,1,ChatGPT,False,,,,,,,,,,,
gptimage,0026.png,1,ChatGPT,False,,,,,,,,,,,
gptimage,0027.png,1,ChatGPT,True,10.383682278235836,0.6911556464046636,0.5155783808738055,2.026060508001926,0.1937724292517745,0.732398017738224,13.415907065227517,10.939776440283437,0.9542876984871382,1.0158072297672849,0.0
gptimage,0028.png,1,ChatGPT,False,,,,,,,,,,,
gptimage,0029.png,1,ChatGPT,True,1157.9746968164418,0.6937008458699456,0.4909160690164356,1.36614283267093,0.162250189247449,0.4565586939856378,1.4519848687879318,1.0258134335690243,2.465339282110064,,1.0
gptimage,0030.png,1,ChatGPT,True,22.484942145762023,0.7416881499603942,0.5796693451185014,1.4925769053845956,0.2232445301018523,0.7468959518416681,12.376454079073923,10.323287343514991,0.4826548324223535,0.4854390598388498,0.0
gptimage,0031.png,1,ChatGPT,True,32.547748699771645,0.7216431158885162,0.55778265546453,1.9653165056857629,0.2214487735255228,0.2266310073959637,3.0764860979591333,2.171375998217572,0.2905798518133237,0.1583127559889856,0.0
gptimage,0032.png,1,ChatGPT,True,14.698285901058997,0.8047102911039048,0.6137085812248206,1.3007157325281629,0.1761787483491065,0.1783643785408918,1.218997520915778,0.727967866853781,0.1447944072162684,0.2570460099558724,0.0
gptimage,0033.png,1,ChatGPT,True,12.11666884771958,0.7738752350287005,0.6018441765711114,2.170841345935777,0.2603592663041997,0.5732602701241126,0.8611011858453281,0.5641666062728978,0.0866452711335008,0.5252902001712849,0.0
gptimage,0034.png,1,ChatGPT,False,,,,,,,,,,,
gptimage,0035.png,1,ChatGPT,True,160.69953216577727,0.7746574600529623,0.5911701014559158,1.9154095331660357,0.2122485094762367,0.2835586907736223,2.708730890316417,1.5775242218376635,1.61426222689565,,1.0
gptimage,0036.png,1,ChatGPT,True,15.567481950615887,0.8965571726354732,0.7115820281564521,1.6965411369469985,0.1962239238983236,0.8225917227173762,10.78804476159587,6.836749557494146,0.5301934924427124,0.7389924371215599,0.0
gptimage,0037.png,1,ChatGPT,True,186.42064500996491,0.7067802220937504,0.4909541515438215,0.7006847972305158,0.0895427951283112,0.201736337349088,2.2396277200151644,1.5276386754837616,0.2706478835739432,,0.5
gptimage,0038.png,1,ChatGPT,True,37.51345494240696,0.737823694493994,0.5721145050689047,1.077871835205725,0.1367689639260804,0.2677832463345865,1.0389563656471663,0.7848802737324581,0.167864214003632,1.3519689331718512,0.3333333333333333
gptimage,0039.png,1,ChatGPT,True,87.99877037576744,0.6382396183968799,0.4570256971098258,0.7326732301262613,0.0755964485041186,0.3453900864755169,1.0867061234754658,0.7107462218469756,0.0375015300560982,0.0015722326615987,0.0
gptimage,0040.png,1,ChatGPT,False,,,,,,,,,,,
gptimage,0041.png,1,ChatGPT,True,197.61389079461355,0.6937664722936626,0.4842093099920972,0.4448708885564766,0.0476275895685395,0.3966859840341086,1.717247393933519,1.164357381215658,0.0594426076848591,,0.0
gptimage,0042.png,1,ChatGPT,False,,,,,,,,,,,
gptimage,0043.png,1,ChatGPT,True,25.118383866401857,0.8571107074210274,0.6865986319508596,1.3093060052271426,0.1424362984094949,0.942310273776498,10.557202038518795,6.397964416776205,1.6965653308077218,,0.6666666666666666
gptimage,0044.png,1,ChatGPT,True,15.62663014156945,0.8051642265848533,0.6152870970806267,0.8696312426643175,0.1169034939930696,0.4645279362334236,2.9711816950556624,1.978864894977574,0.058797033954967,0.0287963570911635,0.0
gptimage,0045.png,1,ChatGPT,True,19103.21669857672,0.6932002494395398,0.5083821551981872,0.7785279194768789,0.0848509114247564,0.4408312598101072,1.9452672303602296,1.214108824442938,6.134634340729272,,
gptimage,0046.png,1,ChatGPT,False,,,,,,,,,,,
gptimage,0047.png,1,ChatGPT,True,7.93701827626755,0.6910783088748992,0.5267633191874148,1.9444959948612104,0.1820767742840202,0.6588602056321607,16.855573561462464,13.064246030015688,1.0540795468462525,0.8894228972688243,0.3333333333333333
gptimage,0048.png,1,ChatGPT,True,5.253122417528499,0.7832480708847355,0.6060670258812497,1.3580057499931848,0.1481895690987903,0.3666388315236348,2.3617303447013853,2.005191002934255,0.0456073716167142,0.1107045311667986,0.0
gptimage,0049.png,1,ChatGPT,True,60.00934965594053,0.7351189780110876,0.5562208241414539,1.1249388492900585,0.1138752550289211,0.2512770018159454,1.3540125483895196,0.7887517891966667,0.2966111006570218,,0.5
gptimage,0050.png,1,ChatGPT,True,46.77673625061069,0.8147490002949024,0.6307903431500772,1.2853354009855371,0.1649426947356408,0.8727917950815566,3.241894440859795,2.64786283308121,0.9675406578543944,0.3832190646790332,0.0
flux_rich,flux_0000.png,1,Flux,True,22.205117012108573,0.7256883063072941,0.5538042924589981,1.4540035048726203,0.1790132778590783,0.8124981957259224,43.97968460927792,25.67732209301362,1.0670796484184826,0.7592224716936755,0.0
flux_rich,flux_0001.png,1,Flux,True,126.99553794586168,0.5854619009985685,0.4310050185402165,0.6503827799253766,0.0595060788462342,0.1700118399267031,2.70310701485974,1.6798823240126337,0.2409510136768528,0.3717762454620628,0.0
flux_rich,flux_0002.png,1,Flux,True,205.4859661650977,0.9488110668332428,0.7940882293518845,3.9364587843775385,0.4853487119651942,0.8350739445305486,59.47209670064825,34.34417755864198,4.865771853926292,0.9585128992429182,0.0
flux_rich,flux_0003.png,1,Flux,False,,,,,,,,,,,
flux_rich,flux_0004.png,1,Flux,True,7.384173088780919,0.7062592495347346,0.5588268106462404,0.6033615499539604,0.0359309716906637,0.1239019634675997,1.029516577199928,0.8372457834433246,0.02250629153316,0.0077315951184688,0.3333333333333333
flux_rich,flux_0005.png,1,Flux,True,9.17476642805618,0.7417037956237015,0.5552017175864116,1.4469747884519175,0.1807696578655636,0.1810232674548533,0.2524953493814337,0.1851521829409806,0.956735976499497,1.4561846981910147,0.0
flux_rich,flux_0006.png,1,Flux,True,15.612515583672849,0.8723174078570528,0.6891513494526396,1.9652868421970764,0.2091030414404838,0.7165509689840754,58.02800946578171,33.51463949746469,0.35722847829317,0.446814648621566,0.0
flux_rich,flux_0007.png,1,Flux,True,37.077266474165455,0.6156194699837653,0.4258475991814323,0.3924486207900711,0.0230734586946029,0.1478840499409089,0.630902791719933,0.3815691422023681,0.4001181812483268,,0.5
flux_rich,flux_0008.png,1,Flux,False,,,,,,,,,,,
flux_rich,flux_0009.png,1,Flux,False,,,,,,,,,,,
flux_rich,flux_0010.png,1,Flux,False,,,,,,,,,,,
flux_rich,flux_0011.png,1,Flux,True,12.411810351387174,0.7475829485086071,0.563046917187,1.704079534451762,0.2050380562428214,0.3670994707161397,1.378957407473365,0.802511086952088,0.0983490517822214,,0.5
flux_rich,flux_0012.png,1,Flux,True,3.447001364246164,0.9117551093259358,0.7382952356876192,1.0333716772830857,0.1206684032040028,0.4647246389935591,0.6378184987477198,0.4596731937664178,0.2389143149140787,2.457034092975736,0.25
flux_rich,flux_0013.png,1,Flux,True,34.5740027974631,0.930395389467285,0.7515149513230007,1.632960837046824,0.2191440244670863,0.3380032980597949,0.6171715837275968,0.3655449609028235,0.1218263259567744,,0.6666666666666666
flux_rich,flux_0014.png,1,Flux,True,7.347028120659758,0.7960261456625976,0.6252289663204215,0.9930329144182938,0.1158502330964915,0.2243878523425731,3.4733932041690707,2.5726313299766543,0.0563986936078187,0.0401799856896376,0.0
flux_rich,flux_0015.png,1,Flux,True,13.081225494014427,0.6162094777754378,0.4562309861635192,0.5057013206996722,0.0547452365178839,0.3222752454941771,0.1201608579415705,0.0968560004333905,0.0178960951491541,0.1460791295105785,0.0
flux_rich,flux_0016.png,1,Flux,True,7.70952181818582,0.817853254914623,0.6666485340824845,0.7653182322592404,0.0613817838918481,0.1958518468425175,2.157706380554089,1.7588018567258044,0.0743657130659721,0.0835541415859637,0.0
flux_rich,flux_0017.png,1,Flux,True,75.66827640215287,0.623963755855255,0.4765140839862228,0.8047695638016676,0.1041554704892429,0.1875106639590901,3.442460214369888,2.524278302799178,0.124762899814629,0.2659651509175678,0.0
flux_rich,flux_0018.png,1,Flux,True,102.95510964971486,0.7876653940868061,0.610145121327189,1.590438013689163,0.1873074716422001,0.2322875512334964,6.375977929303488,4.538269237271211,0.0947968427275594,0.0056312078685261,0.0
flux_rich,flux_0019.png,1,Flux,True,13.272387817720498,0.8628503635616659,0.6886103567256135,1.20093994864843,0.1685573147255576,0.2340886772248083,0.4017067607574773,0.2576316713960755,2.2674413142183942,,0.5
flux_rich,flux_0020.png,1,Flux,False,,,,,,,,,,,
flux_rich,flux_0021.png,1,Flux,True,8.204663897798255,0.901706808376276,0.7300177602030233,1.4531720281746332,0.1640498268933723,0.2851636058422432,1.0808679477869845,0.6241729742288541,0.7097929511623537,0.157107275051092,0.3333333333333333
flux_rich,flux_0022.png,1,Flux,True,7.136182945905582,0.8278582819381656,0.6629086455245592,1.6609328630601796,0.2403101972163636,0.3512963443973064,5.62211376765336,4.44303968591738,0.1418810508713917,0.6543469394148689,0.0
flux_rich,flux_0023.png,1,Flux,True,21.956650558620684,0.7058239024273222,0.5071521826516534,0.697490091432849,0.0550344191272173,0.0966457935409213,1.1910018307690675,0.7102545051703854,0.0210493038534233,1.7228916722280196,0.0
flux_rich,flux_0024.png,1,Flux,True,14.138255141963237,0.5653303514335344,0.4037145278912845,0.431248385713936,0.0402830888299012,0.4517606862346581,2.0310124915873478,1.3574690363717152,0.1127486521534713,0.2218297793263266,0.0
flux_rich,flux_0025.png,1,Flux,False,,,,,,,,,,,
flux_rich,flux_0026.png,1,Flux,True,3.931182605600212,0.8203944956050715,0.6389369965978903,3.4528140330352746,0.4020259018045674,0.2405542593783518,2.6351395733716885,2.248457629897496,0.0459852283576239,1.1490483973281238,0.0
flux_rich,flux_0027.png,1,Flux,True,383.77427976742,0.7089765397295232,0.5280652725163145,2.3867861399917283,0.22269145656811,0.6546566216924716,0.6190660671691575,0.3612623212364798,0.0419679843379858,0.7740673965448375,0.5
flux_rich,flux_0028.png,1,Flux,False,,,,,,,,,,,
flux_rich,flux_0029.png,1,Flux,True,31.284503735319912,0.8832244754397505,0.702952438458625,1.5819715083672166,0.1902444186207655,0.7400790151505078,0.6806525448862999,0.4962804460017718,0.1955245278287997,0.7723250123731757,0.25
flux_rich,flux_0030.png,1,Flux,True,3.4003505669640166,0.8497342459465744,0.7048148231721554,1.3955627296837572,0.1929233178276011,0.2549157573900686,1.386361999677689,1.254099779377015,0.0236398090224243,0.0037337489066766,0.0
flux_rich,flux_0031.png,1,Flux,True,6.016646762481051,0.8351606014992564,0.639637919201682,0.7480740208784635,0.0830830933134858,0.2181642809673474,1.0435429505612746,0.652470287181337,0.0377145257815509,0.2782286267163689,0.0
flux_rich,flux_0032.png,1,Flux,True,18.18811952713689,0.658502732642194,0.5022069970783,1.5148836278418845,0.1458110633183384,0.2968054201172637,78.53969714243235,45.34971921031468,0.3059630156916325,0.029057393380798,0.0
flux_rich,flux_0033.png,1,Flux,True,177.61342390032405,0.4784974278398993,0.3355505011212189,0.4381324850164634,0.0238430133145449,0.1207776393253339,0.2657287918439266,0.2125496662410768,0.3243841314194872,0.0711489002214023,0.3333333333333333
flux_rich,flux_0034.png,1,Flux,True,28.59897180936908,0.8862824233069372,0.7219290092928532,2.4105484707414284,0.3026960755042057,0.5354024362485212,2.6950071545198,1.7069508095539825,0.1152382422748978,,0.75
flux_rich,flux_0035.png,1,Flux,True,17.52428523004588,0.8849210258043548,0.6961715368044732,1.204125766441718,0.1705496389807274,0.3333667023828445,0.2305130103295738,0.1481425310863683,2.175853802552579,,0.5
flux_rich,flux_0036.png,1,Flux,False,,,,,,,,,,,
flux_rich,flux_0037.png,1,Flux,True,38.61939396170972,0.7962393439016439,0.634730999448615,0.7997101092402525,0.0781262116409884,0.2666131218067208,0.3467395781717783,0.2528354261137044,0.4028313930938877,1.5723723600553488,0.0
flux_rich,flux_0038.png,1,Flux,True,21.15046442283402,0.855013607520534,0.6806212532140765,1.7717001642346113,0.2388664304250657,0.5131415686658516,41.92250386925322,24.315004295982188,0.7281489494262761,,0.5
flux_rich,flux_0039.png,1,Flux,True,13.633085612310074,0.8464582121903744,0.655686201561299,0.8753918110978471,0.0885780421704174,0.3284619975112583,0.4679810225905214,0.3344487425825846,0.1216372965823526,0.4690521584191014,0.0
flux_rich,flux_0040.png,1,Flux,True,53.81228542719896,0.4771381726569958,0.3221805681225425,0.3330054216675413,0.0298320261322189,0.915393967639878,0.487949891255738,0.3237689585724144,0.300945577286574,0.6516113959232372,0.0
flux_rich,flux_0041.png,1,Flux,False,,,,,,,,,,,
flux_rich,flux_0042.png,1,Flux,True,3.0566271095305466,0.9787988022636812,0.8173810666646201,2.86294890820574,0.3885971353158281,0.4992873091359421,6.760521291212854,5.887354337819231,0.1651648965041759,0.2045886484929617,0.25
flux_rich,flux_0043.png,1,Flux,True,23.523080055180632,0.8633534553946411,0.7012521169172379,1.6629512004635094,0.1739027645222069,0.3987780168270871,8.464634032841715,7.206684199240998,2.096867558558125,,0.5
flux_rich,flux_0044.png,1,Flux,True,4.684887991296434,0.7854615032287224,0.6221847442977525,0.7781843409681659,0.0792016734875275,0.2857033191580624,0.735009002162613,0.4817641126060399,0.0191683334554804,0.0267927360257589,0.0
flux_rich,flux_0045.png,1,Flux,True,,0.8618596690118412,0.6924067538262699,2.8642886946734136,0.344375674198202,0.6353682338894082,73.68613859448051,42.56216328055063,510.4422150480758,,
flux_rich,flux_0046.png,1,Flux,True,2.255445866367723,0.8980044257456924,0.7258085234192678,1.5418076272870014,0.1934152201732107,0.1950196608749657,5.07451197718386,4.8507348234073495,0.0704816222898414,0.041974918044799,0.0
flux_rich,flux_0047.png,1,Flux,True,13.860300487100496,0.7326153530506874,0.5228249064445697,0.3261247667212255,0.0075351220365777,0.2242822813037545,0.3619744648728016,0.2949167095077131,0.0148943340159708,0.0226199573774916,0.0
flux_rich,flux_0048.png,1,Flux,True,1.7113020361928946,0.8418536692834019,0.6733686976230934,1.0691920879255643,0.0941563198898133,0.2812725495586496,12.6226734753959,10.59384295478877,0.4309205911479914,0.211595863641234,0.0
flux_rich,flux_0049.png,1,Flux,True,1083.9024125961523,0.5420888167441981,0.3613827901273727,0.4003898453704241,0.0164094465509423,0.0908414882964467,0.5956920441672509,0.4732410595978187,0.112150041995397,0.2382188022319482,0.0
flux_rich,flux_0050.png,1,Flux,False,,,,,,,,,,,
flux_rich,flux_0051.png,1,Flux,True,12.885318276320891,0.8854595260002738,0.7103669355986585,1.4435372245264937,0.2052912918721558,0.3357590481568359,0.5583549219688138,0.3363876830140683,0.9636754186081914,2.298129304048362,0.25
flux_rich,flux_0052.png,1,Flux,True,3.595275777461335,0.8090399738881402,0.6407946872860822,0.7708593184460517,0.0732410622315951,0.1052228255364585,1.1318897687178548,1.0825332823880982,0.0275948360667653,0.0122111116341425,0.3333333333333333
flux_rich,flux_0053.png,1,Flux,True,12.00733730152537,0.8838958904477108,0.70642483160392,0.8978773045386286,0.0836481438944453,0.2337625230254391,1.0581550812332097,0.6125275599877062,0.1338092517902121,0.9297721758470212,0.0
flux_rich,flux_0054.png,1,Flux,True,5.1494240782972325,0.8293398714936587,0.672947543202242,1.8548832341144197,0.1980170812359364,0.175888437075837,0.7884721320102557,0.6920123399102238,0.0204557991967578,0.0254431496967448,0.0
flux_rich,flux_0055.png,1,Flux,True,36.4195882118802,0.7692154471847328,0.5862317508866862,1.61629485287888,0.1683236680629931,0.3543368599867383,0.4487313553865135,0.2750911781682613,0.0047024622914303,0.8410230464715385,0.0
flux_rich,flux_0056.png,1,Flux,True,9.176094795203769,0.6175901350198534,0.4278240720276041,0.4492081492625749,0.031280516807944,0.0934259888247047,1.2729970947753912,0.8520090947045732,0.02939925003271,0.05399072996848,0.0
flux_rich,flux_0057.png,1,Flux,False,,,,,,,,,,,
flux_rich,flux_0058.png,1,Flux,True,4.639016172069305,0.8355302153548189,0.6840223819913975,4.575754163157349,0.5506284626848165,0.3701159557802875,3.649508232195288,3.0214326737500428,0.0809319650542492,1.1956426462591052,0.0
flux_rich,flux_0059.png,1,Flux,True,70.3694687410655,0.6466510353422371,0.4585657895527488,1.8580479462451047,0.1717004797674603,0.5199793306527399,1.599134820420289,1.1716197449775565,29.58322377105511,,0.5
flux_rich,flux_0060.png,1,Flux,True,3.717422231633901,0.9107485452669384,0.743159475129431,1.8521351344480264,0.2021130230513903,0.410751535207238,4.570997350675071,3.899974488939121,0.0812470317275673,0.0675997447293701,0.0
flux_rich,flux_0061.png,1,Flux,True,27.120502380717017,0.9781112488716446,0.7980609879648433,1.393266692236062,0.2157514896833028,0.4144852639077283,0.6499292382659263,0.4165645155396235,1.3168657272004824,1.6309552256865008,0.25
flux_rich,flux_0062.png,1,Flux,True,6.959700612041286,0.8024624539726032,0.6414123964346973,1.0309013313811208,0.1250538768232926,0.191639583559258,0.724167210609707,0.507503721439503,0.023855330003568,0.0305334431004737,0.0
flux_rich,flux_0063.png,1,Flux,True,18.82317606972075,0.6651947725955777,0.4695560593806727,0.5297054671980618,0.0421580284039626,0.2019657916453561,1.3184641105159614,0.8627121978282064,0.032727261992416,0.0653309992615183,0.0
flux_rich,flux_0064.png,1,Flux,True,5.588497345622251,0.7882102995453849,0.6386152943828537,0.7553334103089703,0.0544671172993659,0.1797413580908834,2.282489642128837,2.053243484194013,0.0572976741487292,0.0230371513134857,0.3333333333333333
flux_rich,flux_0065.png,1,Flux,True,197.5743194793996,0.6351154542671277,0.4593249776058368,0.6874960910212617,0.0811289483056886,0.6254935622925125,1.352033204606272,1.0259741017649222,0.686507952751146,0.0010723936516505,0.3333333333333333
flux_rich,flux_0066.png,1,Flux,True,6.335959022387828,0.7845768091430051,0.6399911616250321,1.62465442319,0.1577402143249536,0.1471752392105662,2.4781847017666934,2.0457337793295216,0.03084282334284,0.0289056389484585,0.0
flux_rich,flux_0067.png,1,Flux,True,10.633844690485828,0.8366635304653599,0.6332188354891187,1.263662526723885,0.1608463419334481,0.1882653784036541,0.6827529527470091,0.4191441316993202,1.5723464285225184,,0.5
flux_rich,flux_0068.png,1,Flux,True,3.179451407534961,0.766401156252143,0.6093799263024108,0.7373099667539953,0.0566395918107376,0.1029345832158926,0.3077872649492974,0.1929324872381569,0.0110284651420261,0.0189747923322647,0.0
flux_rich,flux_0069.png,1,Flux,True,4.39573554155674,0.8734537319818673,0.7095514487835679,2.0998162956191257,0.2330120018315146,0.3179226292500039,0.92936843146056,0.5664861599510549,0.3543305147739345,0.7598451762397804,0.0
flux_rich,flux_0070.png,1,Flux,True,10.97738070575088,0.8249584033834546,0.6565888602511295,2.848611341453088,0.3341778487337647,0.8489568100761736,8.79821624306419,7.019689999572449,0.4498460203627256,0.3062356459939206,0.0
flux_rich,flux_0071.png,1,Flux,True,415.1522873419101,0.6016315476418266,0.4379874942691803,0.4531446826993203,0.019974772501895,0.2107096791427439,0.6839000444515762,0.4083711958995033,2.8385242289706745,,1.0
flux_rich,flux_0072.png,1,Flux,True,24.91339490698447,0.6464494919848113,0.4584510977552362,0.4172768935309273,0.0333391683116742,0.0990194298647541,0.7075030924951733,0.4698929083411701,0.0383652812117136,0.0361782202576446,0.0
flux_rich,flux_0073.png,1,Flux,False,,,,,,,,,,,
flux_rich,flux_0074.png,1,Flux,True,3.726543866547314,0.7124659313932192,0.5428399615602387,3.4235700774611244,0.3967691472931212,0.4431893349571051,2.254678999094722,1.7435830149076874,0.0432192111078917,0.0393995883178899,0.5
flux_rich,flux_0075.png,1,Flux,False,,,,,,,,,,,
flux_rich,flux_0076.png,1,Flux,True,4.276582878748455,0.8047354192747367,0.6541391026076072,0.8098086104665809,0.0644452554557133,0.2605395921030219,0.8894686460309487,0.5586117591271385,0.0269503508582378,0.0527573434061574,0.3333333333333333
flux_rich,flux_0077.png,1,Flux,False,,,,,,,,,,,
flux_rich,flux_0078.png,1,Flux,True,5.094925262580046,0.8443063416630645,0.6769693805219783,1.1941771533913998,0.1339521880239229,0.2489383821072592,2.30375500406268,1.7143660136528356,0.0436976207372655,0.1044890328342713,0.0
flux_rich,flux_0079.png,1,Flux,True,8.939806369784934,0.6661598623507705,0.441085279478299,0.6084967759455118,0.0906394139244872,0.1828167433357018,1.0538520833382137,0.6188347253167563,0.2466915715442949,0.5107752648444865,0.0
flux_rich,flux_0080.png,1,Flux,True,22.91314772527527,0.775511189699804,0.6241593408170811,0.7538292454176287,0.0631439183545462,0.2303770700024643,6.163315785720556,4.46262949458534,0.1579284705657295,0.0370800903443999,0.0
flux_rich,flux_0081.png,1,Flux,True,181.6288591255365,0.4713659553879137,0.3181830969489454,0.6578159493023994,0.0923409310194572,0.168574245190712,0.1440490467734179,0.116052972985906,0.7386764630488927,1.629863271511292,0.0
flux_rich,flux_0082.png,1,Flux,True,2.2913977056981487,1.023391658295932,0.8560432616819997,3.22359949201359,0.4767106557569831,0.4641280648173223,2.234288199702732,1.9417064830749708,0.048972897035159,0.497855362850216,0.0
flux_rich,flux_0083.png,1,Flux,True,10.136909889210996,0.7556549037242029,0.5800360060570076,0.9199205769387656,0.0960764479892362,0.3686948239271489,0.4699469809572747,0.2886215425512259,0.0520113625101898,0.3451367587971488,0.0
flux_rich,flux_0084.png,1,Flux,True,8.014167934291724,0.6918958632530843,0.5377954469836951,0.6260003599344681,0.0448919153045897,0.1770204482840287,5.564783962992465,4.738741550416897,0.1158680748981173,0.0050458629708289,0.5
flux_rich,flux_0085.png,1,Flux,True,15.475260416391016,0.8197033357427507,0.6480164467196353,1.998869905946773,0.1931769976510652,0.2878228739450624,0.6415797646894106,0.4223523725400741,1.2754096130395045,1.5684394033103253,0.0
flux_rich,flux_0086.png,1,Flux,True,9.123248891284168,0.8417763755581947,0.6892277831651468,2.2123481141864065,0.3002630438699164,0.3876193160439699,3.3508503274036485,2.2350012839113824,0.1163958982415565,0.3671749709019849,0.0
flux_rich,flux_0087.png,1,Flux,True,23.401680877065044,0.673039109240198,0.5008484977040115,0.5711512921293602,0.0336861475109478,0.2683906002733867,0.1626352738822447,0.1027144000323528,0.2132304496980153,0.8512867414283747,0.0
flux_rich,flux_0088.png,1,Flux,True,31.77278012307586,0.528622410228822,0.3511695877218409,0.2478595892872868,0.0099054327469049,0.3164733257423596,0.3790542560550136,0.2686278957988876,0.0554429992396202,0.0636635379695285,0.0
flux_rich,flux_0089.png,1,Flux,False,,,,,,,,,,,
flux_rich,flux_0090.png,1,Flux,True,4.153392977959523,0.949641495268964,0.7766128802689548,3.5020508239128323,0.4117868864510119,0.2765617448114048,2.823829197290266,2.2654132700043754,0.0560023288268553,1.5111949389015011,0.0
flux_rich,flux_0091.png,1,Flux,True,52.70169321956882,0.8045232971164662,0.6106462983391628,1.870840756928449,0.184586620980845,0.9976032529345368,0.951439851589626,0.6009871485371073,0.0204748976123471,0.6874690422732055,0.0
flux_rich,flux_0092.png,1,Flux,True,6.31242168764614,0.7110477393209881,0.5503714478429299,1.2465400434057528,0.1387061785719411,0.3778566808556414,3.5113679844953083,2.0777194712956675,1.0268417635092284,1.1811167369467466,0.0
flux_rich,flux_0093.png,1,Flux,True,13.588774318000526,0.8917141825318513,0.6998915656507977,1.5087428826150124,0.1690648872199369,0.2640824874317523,0.2697979058835074,0.1666596171464512,1.0302847218182154,0.3143511551877829,0.25
flux_rich,flux_0094.png,1,Flux,True,5.485641385052522,0.8234493167988884,0.6431591208203558,2.7952937426635804,0.3141461016555907,0.1587329998512012,20.76107641791332,15.180569150746637,0.1421779360165174,0.2217663382777113,0.0
flux_rich,flux_0095.png,1,Flux,True,4.9045614862665206,0.6725421072454234,0.5167012837164898,0.4744889860131304,0.0224731633530246,0.1976669529000545,0.6230821376411058,0.453603956775041,0.2204709063087226,0.7453857881810988,0.0
flux_rich,flux_0096.png,1,Flux,True,12.636070192153078,0.7621045778325544,0.5908599203974635,0.7351045187699891,0.0650834398071757,0.1164074727482041,2.726692038626453,2.165269874631905,0.06431829135901,2.982528465000887,0.0
flux_rich,flux_0097.png,1,Flux,True,99.25245059804124,0.3447470304048352,0.2530606318282873,0.2771350208265918,0.0039473434140028,0.086644875229179,2.5812532867417417,1.6473163475136392,0.5910195274888154,0.1877029916825874,0.0
flux_rich,flux_0098.png,1,Flux,True,177.99140157620502,0.7622910068578869,0.5917742634039052,1.7855506649545625,0.1985101460535357,0.25810331958275,2.344442398853971,1.658991678323847,0.0548202778276786,0.0031669364838,0.0
flux_rich,flux_0099.png,1,Flux,False,,,,,,,,,,,
flux_rich,flux_0100.png,1,Flux,False,,,,,,,,,,,
flux_rich,flux_0101.png,1,Flux,True,9.395584193747586,0.907865638769004,0.7218766651138103,2.124076279989352,0.2351104764510485,0.2428407180866258,0.9851141945602536,0.5896084907321543,0.0284949802833196,,0.5
flux_rich,flux_0102.png,1,Flux,True,5.511865508083481,0.8259563795685622,0.6650998613234055,2.667188452983989,0.321933373679537,0.523651971793183,19.15277414344084,15.489969314869638,3.3775081722775555,0.1098369874638489,0.0
flux_rich,flux_0103.png,1,Flux,True,42.98789372421796,0.6432958370766099,0.4676236806707332,1.2415896234888388,0.1097494976597095,0.1304811415109694,0.7195425629982992,0.4609379661483339,0.0223503318418271,0.7643682679286314,0.0
flux_rich,flux_0104.png,1,Flux,True,8.043328091286769,0.5184860745061786,0.3464078364425245,0.4025973678749261,0.0303680436573066,0.127921281430177,0.6091539672286643,0.4406111615545429,0.013107785611299,0.020404458154843,0.0
flux_rich,flux_0105.png,1,Flux,False,,,,,,,,,,,
flux_rich,flux_0106.png,1,Flux,True,1.6151016647435388,0.8475690867395395,0.6626850373077162,1.6930830147879106,0.257440305720747,0.2843957524265669,2.237880218925227,1.6588270510654757,0.0349715894777085,0.066839941502927,0.3333333333333333
flux_rich,flux_0107.png,1,Flux,True,15.601280151160353,0.9627209354193174,0.7882759649613768,1.7927046645206774,0.1967093134193421,0.4551989889781561,8.879997496207011,6.731474019429283,1.021367219632968,,0.6666666666666666
flux_rich,flux_0108.png,1,Flux,True,5.889518338116695,0.9109593057732052,0.7472688086788241,1.0117576379914182,0.0982145115977945,0.2122538047262043,1.6343275831152368,1.3559290716739212,0.0350646744334862,0.2457542151225586,0.0
flux_rich,flux_0109.png,1,Flux,True,22.43020586278703,0.8659523854968002,0.6759996459786881,2.3362606785989284,0.3109339492823978,0.3698466564666811,0.3820020191856628,0.2488550373920915,0.2176855017664507,2.1587182000567298,0.0
flux_rich,flux_0110.png,1,Flux,True,5.078645759687137,0.833726247504818,0.6595081743300905,0.8813229829900693,0.0783668025693471,0.1831023558911259,0.9524032048505546,0.6881143303151049,0.0230952234822272,0.0296312523215833,0.0
flux_rich,flux_0111.png,1,Flux,True,9.551854008472224,0.7419731921560925,0.5294317336210231,0.6623217968874793,0.0653375507979982,0.2129133093852349,1.8689682214021417,1.1555430153615294,0.3562743245931489,,0.5
flux_rich,flux_0112.png,1,Flux,True,4.930263322199484,0.7123652569755633,0.5612842222901858,1.7248203926297796,0.1726145060646185,0.3501233640771583,10.244386795394078,7.89441197748113,0.3786378358520084,0.075894355520881,0.0
flux_rich,flux_0113.png,1,Flux,True,108.43545652387002,0.5453436179069941,0.3759298886789703,0.7710991340462896,0.0964582470580819,0.1440518399575424,0.4239174422824874,0.2475922996014608,1.5493648128935622,1.2509319209131355,0.0
flux_rich,flux_0114.png,1,Flux,False,,,,,,,,,,,
flux_rich,flux_0115.png,1,Flux,True,14.118661601111327,0.8337224615791364,0.6563316426200165,1.3946413119291368,0.1936669219922898,0.2517565299731398,0.0709745539051027,0.047701597745834,0.1438079301312761,1.382258196216683,0.3333333333333333
flux_rich,flux_0116.png,1,Flux,True,95.44795544911432,0.6561864580788233,0.4754580035014531,0.4793953730707823,0.0409304010235979,0.1097528445282139,9.893173028822927,7.739027718303139,0.3106657276177788,,0.0
flux_rich,flux_0117.png,1,Flux,True,34.99566476470974,0.837411217194252,0.6638258466790369,1.9046481824481063,0.2296150683094572,0.3813484994152071,0.5294172517883595,0.3312858921411285,0.7396146004519627,1.821759032357892,0.0
flux_rich,flux_0118.png,1,Flux,True,11.13298317518633,0.8833320897746466,0.7103842504456084,1.2520466336048202,0.1847120317338802,0.4665156301553729,51.083561425620985,29.551174270534126,0.3031339075345114,0.6126652181421637,0.0
flux_rich,flux_0119.png,1,Flux,False,,,,,,,,,,,
flux_rich,flux_0120.png,1,Flux,True,24.19596823669553,0.5564215098198391,0.3862874809739676,0.4338619238654493,0.0317415392219328,0.9655507610827172,8.256442961000644,6.910956344900444,0.7269041626003743,,0.5
flux_rich,flux_0121.png,1,Flux,False,,,,,,,,,,,
flux_rich,flux_0122.png,1,Flux,True,6.023877981568512,0.8556588234864082,0.6865367075934806,2.350673349460968,0.309117110823316,0.3028472299482972,3.18851722729913,2.73088091489714,0.0752935714723058,0.0265400451436024,0.3333333333333333
flux_rich,flux_0123.png,1,Flux,True,19.4411155850746,0.7302040521645334,0.5657595080189445,2.302721890361344,0.2166689427790327,0.5006982428027512,0.1649633417217586,0.0983365918163956,0.1321560174595476,1.4581858160411096,0.25
flux_rich,flux_0124.png,1,Flux,True,4.3864303367612125,0.905125154629888,0.7357784187006811,1.9844606818724615,0.2111172319304408,0.2314900784346829,2.94215787006938,2.082905691429068,0.040450687915971,0.2486717186562259,0.0
flux_rich,flux_0125.png,1,Flux,True,,0.9287131010372784,0.7610072069213306,1.9375462432810917,0.2048871351753717,0.8876346600819969,41.92155099018589,31.43269424260347,2144.746404816426,,
flux_rich,flux_0126.png,1,Flux,True,4.160767996032778,0.8485478922029098,0.6892674800117308,1.0123450849581992,0.1083150451084244,0.5125034210118763,2.4589056762693104,2.028156388594605,0.0572715174828784,0.1848144599024168,0.0
flux_rich,flux_0127.png,1,Flux,True,7.644873837128294,0.710585405885239,0.5367936821775003,0.602548888374352,0.0535607238056926,0.2159701364039624,1.1935897481241255,0.6940681477614998,0.101679225499657,0.0240621341052209,0.3333333333333333
flux_rich,flux_0128.png,1,Flux,True,12.54198753673136,0.8286607114081449,0.6630354410991107,1.1936849350032626,0.1380364673706923,0.1442006279699858,3.9662653886970816,3.282854158216045,0.0725776397196385,0.010983748486633,0.0
flux_rich,flux_0129.png,1,Flux,True,63.73991289042335,0.6271225919809522,0.4750662443180705,0.6208747347918021,0.058965242335913,0.2431029597719485,3.5063190323268287,2.6916958417676486,0.2609579166534244,0.0689358399426858,0.0
flux_rich,flux_0130.png,1,Flux,True,9.51944617559102,0.9238437088487788,0.7560969976505538,1.5103092365979092,0.1775576404219058,0.297538146112264,0.7702066446774012,0.4604050720443602,0.0604386632506914,0.2097826466575423,0.3333333333333333
flux_rich,flux_0131.png,1,Flux,True,12.16926089651396,0.8440280815947767,0.6620557688038282,1.1315989379501197,0.1410966406315389,0.2791096974802845,0.4792548403431027,0.2792614385552525,0.0217890751930634,,0.5
flux_rich,flux_0132.png,1,Flux,True,3.727314888950065,0.7216445209233874,0.5658227878583112,0.5856865827525048,0.037713911166027,0.1880655314598163,1.804663593044637,1.6027552682772888,0.0486900431277552,0.0225155105274792,0.3333333333333333
flux_rich,flux_0133.png,1,Flux,True,6.971743972325489,0.848924569268184,0.6811339574753954,2.255947371599153,0.2459191246109124,0.3684695879641419,0.3251630743801854,0.232517593987428,7.897359897452562,0.3958157491584737,0.25
flux_rich,flux_0134.png,1,Flux,True,23.77768767390616,0.7803852113641202,0.6113173625427057,1.7811913110330215,0.2491737503172655,0.6483239056024184,37.77251078190066,21.81027706397859,0.2314547412499658,0.2405860080757014,0.0
flux_rich,flux_0135.png,1,Flux,True,52.21200141100723,0.6823614776727831,0.5021448843737684,0.4815500948363712,0.0301844297539883,0.1228413688481117,0.7240184365915923,0.4785961758310413,0.1464599769972137,,0.6666666666666666
flux_rich,flux_0136.png,1,Flux,True,34.29422542130247,0.6025936713447992,0.4408499050503702,0.3447749353505132,0.0145196302199482,0.1767228936635081,2.813786304851604,2.0196308556875877,0.2017875139068824,0.0985888257322082,0.0
flux_rich,flux_0137.png,1,Flux,False,,,,,,,,,,,
flux_rich,flux_0138.png,1,Flux,True,2.7562117389209164,0.9350170194210364,0.7702206592487525,2.8653514378626603,0.4365495471858367,0.6322230409985936,9.028746021283084,8.151749093456193,0.2622129708288831,0.1750549982973304,0.25
flux_rich,flux_0139.png,1,Flux,True,10.624816344950274,0.8262119655804948,0.6356937758730247,2.8156629269761506,0.2705252501897274,0.3530692216189449,0.3308321101280853,0.1932512270727832,0.0779386724577364,0.2581937152366631,0.25
flux_rich,flux_0140.png,1,Flux,True,5.3740586660712895,0.7873978976288952,0.6236382566133585,0.7972544715745526,0.0597235241342468,0.2072139342281043,0.6287567950034259,0.5273529435714839,0.0133706120040208,0.0583595088439263,0.0
flux_rich,flux_0141.png,1,Flux,True,16.67786409162576,0.8119166750309671,0.6380245059114336,1.6239034327478177,0.1673697916096007,0.3072100061997029,0.3422279903704748,0.2329212549569136,0.3152106575479313,1.27934636826783,0.0
flux_rich,flux_0142.png,1,Flux,True,23.2679826520546,0.8561719725268124,0.6914587921755508,1.1006035285182203,0.1325439888011511,0.3554389266247103,11.076969001993705,7.69588594986984,0.3461040820365176,0.0888766276588581,0.3333333333333333
flux_rich,flux_0143.png,1,Flux,True,19.930524284225736,0.7261199561193281,0.5243636261056321,0.4912765810179417,0.0390295820668757,0.6929669888768175,0.875689747217649,0.5369231357955304,0.1984295785347233,,0.5
flux_rich,flux_0144.png,1,Flux,True,8.03300975890761,0.7359567089571837,0.5843990959017645,0.7687597976302423,0.075770606182598,0.3573114961672416,0.9249314148550384,0.5612491032326282,0.0475072982272458,0.0579917052164837,0.0
flux_rich,flux_0145.png,1,Flux,True,349.3466923445258,0.5360433298405285,0.3832406463686922,0.413022002997589,0.0054232197098958,0.1579102431004393,1.8993200624547055,1.1288347612435026,0.1372562512056158,0.1078914498305279,0.0
flux_rich,flux_0146.png,1,Flux,True,24.47694903926632,0.9336475865475112,0.7479789927984276,1.5602921434792307,0.180630214365861,0.2795937040981142,0.565136328495015,0.4094198621355248,0.1794302832890164,0.6253770696326386,0.25
flux_rich,flux_0147.png,1,Flux,True,11.49944492115486,0.9074857271707168,0.7386052853301546,1.3233208935812544,0.1818283794793787,0.3666261310664917,0.8297279745283817,0.5469051656713763,0.0384326802802353,0.1376221080420689,0.3333333333333333
flux_rich,flux_0148.png,1,Flux,False,,,,,,,,,,,
flux_rich,flux_0149.png,1,Flux,True,152.50625771726604,0.8178424202589746,0.6362971860355255,1.4036150373849925,0.123118334891053,0.1734133422244188,0.4520003193762534,0.3129286769024124,0.480606939236231,1.2986904349327677,0.0
flux_rich,flux_0150.png,1,Flux,True,20.688372063419934,0.8931481450051754,0.7269761640344232,1.7641006109980348,0.2528051306048637,0.3266012560344034,5.488680338164073,3.552848125515856,0.4291747923631138,0.2475541727827357,0.25
flux_rich,flux_0151.png,1,Flux,True,14.69029838757438,0.7035075479103079,0.5254105418685472,1.9020247032114497,0.1864008490435186,0.1835014034413613,0.2055767426295887,0.158084826962282,0.3914176646972249,0.9150944555466962,0.3333333333333333
flux_rich,flux_0152.png,1,Flux,True,28.229657225223647,0.4793269702356912,0.3315161333610479,0.3161183105746273,0.01227003184867,0.2980522428734822,2.7254812393728685,1.7121356340517655,0.0229770459282558,,0.0
flux_rich,flux_0153.png,1,Flux,False,,,,,,,,,,,
flux_rich,flux_0154.png,1,Flux,True,3.633395103562574,0.9125621542364551,0.7341948992345081,2.924049580632789,0.4081036133250824,0.4176924538644819,1.655290407876322,1.2484309485578369,0.0322587645900395,0.0422827096041515,0.5
flux_rich,flux_0155.png,1,Flux,True,19.42907421445228,0.793955785809226,0.6285899515639862,1.9636425639712856,0.1672365965142735,0.5518869436702117,0.3837293856156663,0.2246020549444468,0.4596397233877078,,0.5
flux_rich,flux_0156.png,1,Flux,True,6.559153672195457,0.8735973226751568,0.6991849776095135,0.9946061569632398,0.103218527117576,0.2335260364729929,0.414480184573577,0.2592027121545149,0.1913099005749941,0.594609086073751,0.0
flux_rich,flux_0157.png,1,Flux,True,6.693369092588356,0.7772726068231477,0.6180838644260567,0.9392414740496976,0.1128625372727085,0.2718269124140717,0.3990880530104022,0.2360579813543281,0.1383691445555487,0.491034498597763,0.0
flux_rich,flux_0158.png,1,Flux,True,4.666496062980012,0.8549819675398888,0.682851571964521,1.2103709430311835,0.175753563502923,0.3760959933314054,3.5950780492336065,2.4831041514063354,0.0640265978982093,0.1427849500845681,0.0
flux_rich,flux_0159.png,1,Flux,True,6.355445856352515,0.7447151533886546,0.5477212769211679,0.6574501275698721,0.0900981710300699,0.2292842707994252,0.2922049559709876,0.1786167930178646,0.0511715138742961,0.2731080398953738,0.0
flux_rich,flux_0160.png,1,Flux,True,8.247699870438963,0.8495817241905065,0.6836575685338082,1.0430976501408922,0.1089687713179521,0.1642879820211528,3.4908190517755173,2.621309013710777,0.0704070248523802,0.045039391767772,0.0
flux_rich,flux_0161.png,1,Flux,True,270.11163972637274,0.5518855168351724,0.4115485101918635,0.4684457713353679,0.0189394826291318,0.1904751825049999,0.6678608567624025,0.5309287371066161,0.3867227756016418,1.068733068761035,0.0
flux_rich,flux_0162.png,1,Flux,True,6.111768325624464,0.9385952902340045,0.7745973938344861,2.84310524991452,0.3470035082634971,0.8961818226978157,4.878637039241028,3.0398845618317987,0.114375024141497,0.010155102422809,0.5
flux_rich,flux_0163.png,1,Flux,True,18.427875225823723,0.8615608043324298,0.6562892193152049,1.486598099057507,0.2834175915370865,0.2986272523146786,0.4447588490328371,0.2599087900827385,0.137962865217183,1.818576393700979,0.25
flux_rich,flux_0164.png,1,Flux,False,,,,,,,,,,,
flux_rich,flux_0165.png,1,Flux,True,9.223199190027136,0.7941968626335446,0.618023308658934,1.7920086694222213,0.2003306098095748,0.3221104063536501,0.4777642178809884,0.3521819292994598,1.5804265269402875,,0.5
flux_rich,flux_0166.png,1,Flux,True,8.332695074518027,0.8281091236911517,0.6655510295986983,1.6818547450148251,0.1949133928390555,0.3690136397835492,47.77627171946376,27.609503460788154,0.350112924025207,0.2388212202536657,0.0
flux_rich,flux_0167.png,1,Flux,True,29.053358262045943,0.7656976506037791,0.5751434125332124,0.7326699260980678,0.0963836337700793,0.1857690488205438,0.3342999667982411,0.2057854375178263,0.0264816259901632,1.494731122940288,0.0
flux_rich,flux_0168.png,1,Flux,False,,,,,,,,,,,
flux_rich,flux_0169.png,1,Flux,False,,,,,,,,,,,
flux_rich,flux_0170.png,1,Flux,True,4.370549234725295,0.9332178454172791,0.765373374677865,2.4102480672203117,0.2930804438528859,0.8520822567675517,78.03493324535961,45.22173303575399,17.840329595626162,0.0558934953180312,0.3333333333333333
flux_rich,flux_0171.png,1,Flux,True,10.986901774245714,0.8321264370143994,0.6616179090868507,2.1112038095644605,0.1963630862110432,0.4816802826095165,0.4504195545736422,0.2795585368566003,0.3491784342715142,,0.5
flux_rich,flux_0172.png,1,Flux,True,7.485602140038559,0.8230456494547674,0.645218547171443,1.0707228739523549,0.0984464316964884,0.2060144337808738,1.473089365972328,0.8711786818748731,0.2586377027985361,,0.5
flux_rich,flux_0173.png,1,Flux,False,,,,,,,,,,,
flux_rich,flux_0174.png,1,Flux,True,5.342467172774188,0.9170154054499138,0.7496226928155467,1.1427003163588871,0.1140452600460897,0.2136474697045498,2.625574558560487,2.069170193817624,0.0439233937348048,0.0222958213018404,0.3333333333333333
flux_rich,flux_0175.png,1,Flux,True,6.448619420446853,0.5059587511662026,0.3601813838468655,0.6763004093695388,0.0504049168494844,0.1793078219025305,1.4595775195572145,0.9772048048786804,0.0323512833537552,0.065790517822835,0.0
flux_rich,flux_0176.png,1,Flux,True,5.339882332255556,0.8976762358298119,0.7326681211245784,1.1828759913822195,0.1155822610612297,0.3522747072334531,9.035300873783456,7.391938306291164,0.1365049299077896,0.0314721532299353,0.0
flux_rich,flux_0177.png,1,Flux,True,283.63874803356447,0.4062373486512234,0.2630571422550159,0.3541990941446647,0.0063005278965286,0.0862130938869199,0.689248393007702,0.3986515130161034,0.4941189989768207,1.0331321348317868,0.0
flux_rich,flux_0178.png,1,Flux,True,15.82826519016619,0.7246672370939887,0.5514862193426557,0.9441852367339448,0.1117771748273782,0.1854949439926695,0.1081241541225921,0.0746275890157587,0.069062348890029,0.6233062558771438,0.0
flux_rich,flux_0179.png,1,Flux,True,8.588166830446102,0.7364621049356127,0.5280425153220963,1.0022894976730576,0.1179829313381138,0.1739064736330398,0.5683630505040753,0.3339316694529621,0.0861570725850808,,0.5
flux_rich,flux_0180.png,1,Flux,True,17.050834819347976,0.641824317223874,0.4851209326786462,0.5322293814023484,0.0391912471476771,0.1073820762227966,6.944404924027722,5.747060840804495,0.1237531106755643,0.001589320523248,0.0
flux_rich,flux_0181.png,1,Flux,True,15208.747863336272,0.7257170185034834,0.546393979972726,2.3128959951284127,0.2285314780970626,0.2742089941394041,0.3567109445329208,0.2528710251378004,11.134896773960914,,
flux_rich,flux_0182.png,1,Flux,True,17.249066130482177,0.8308818848934815,0.6669615684811863,1.626427270378329,0.2075199470400575,0.3455750178219336,72.85520104207097,42.07801889006717,0.96349927845397,0.4116630118726121,0.0
flux_rich,flux_0183.png,1,Flux,True,14.559678459667843,0.7294481364412966,0.5514087550400993,0.8452483305804946,0.079954615973663,0.178818458973639,0.7702532435463496,0.4497565960572969,0.1974395465163748,1.4865990071561077,0.0
flux_rich,flux_0184.png,1,Flux,False,,,,,,,,,,,
flux_rich,flux_0185.png,1,Flux,False,,,,,,,,,,,
flux_rich,flux_0186.png,1,Flux,True,2.90096378199408,0.7892445352215254,0.6333169019668962,2.1781148388709632,0.2502230428464707,0.1923002999394045,2.401336282264495,2.0852972281905093,0.0461183670247141,0.0265885435558637,0.0
flux_rich,flux_0187.png,1,Flux,True,12.456090784046433,0.8524936141730417,0.6642232432449222,2.160812812457242,0.2176278174896761,0.511788985335881,0.7897174738894392,0.5390819125061971,0.849852086251679,0.1490019431031042,0.25
flux_rich,flux_0188.png,1,Flux,True,7.90120217296115,0.7669938956887442,0.5943093688249921,0.8742662149111627,0.0868625913848825,0.2169566429930234,0.8915068311061418,0.5912208522372528,0.0375795492130502,0.0464289346593522,0.0
flux_rich,flux_0189.png,1,Flux,False,,,,,,,,,,,
flux_rich,flux_0190.png,1,Flux,True,2.5570121843052167,0.878752882448662,0.7068309366655899,1.1819136358430715,0.1683440240887823,0.1592851246812378,1.4405181020717208,1.07435645364097,0.0245368184323101,0.1739441176620868,0.0
flux_rich,flux_0191.png,1,Flux,True,13.11396656305438,0.7647795894945147,0.5491628255275827,0.5300140213291201,0.0427713550078192,0.2118748633591065,1.2109615525563555,0.7159667538484784,0.3040596334187504,0.1127005407403114,0.3333333333333333
flux_rich,flux_0192.png,1,Flux,True,13.889320502815057,0.8316966890678904,0.658530101279265,1.7042492223244867,0.2213031859157776,0.2679271751416155,6.987763309946445,5.798257413840548,0.1143756216592048,0.2494078087058886,0.0
flux_rich,flux_0193.png,1,Flux,True,180.77104640582863,0.6662141818338041,0.4973264310259814,0.5142611955115747,0.0125801983707099,0.3533378156195831,2.4227413978641152,1.591913569709162,0.0380464003069533,0.0006127505816646,0.0
flux_rich,flux_0194.png,1,Flux,True,141.64836174681207,0.8307507620820483,0.6554085724992934,2.142928186193,0.3013462140612281,0.8359566413066681,0.7323608128361769,0.4237112661928199,0.3307875701931396,1.0311904596456394,0.5
flux_rich,flux_0195.png,1,Flux,True,13.793408230974164,0.7027119831327155,0.5263135495029557,1.0002275595114565,0.11573258650474,0.1526732570013796,0.2301846802037914,0.1339640009167443,0.067526052450811,0.2225313301426332,0.0
flux_rich,flux_0196.png,1,Flux,True,9.985023845217036,0.7543052878213096,0.5991114658255711,0.668064575694904,0.0522078890280369,0.116248232212592,4.628635224228361,3.7922804743063927,0.0957673941666694,0.0060288035883946,0.3333333333333333
flux_rich,flux_0197.png,1,Flux,True,9.434193347947655,0.8694042391662508,0.6964776307584148,0.9554151991093524,0.1195823549257441,0.3287162319161838,0.3762724576328509,0.2176288618266033,0.3565494929715965,0.0306356806266077,0.3333333333333333
flux_rich,flux_0198.png,1,Flux,True,6.423672729864195,0.8070010813910204,0.6415762104992077,1.394860502545754,0.1865306564813765,0.5880578657913622,15.85228973792644,9.864637046737387,0.8260986864826456,0.5783583710549118,0.0
flux_rich,flux_0199.png,1,Flux,True,206.89873163717763,0.6274946519913495,0.4269914201379742,0.595745002733209,0.0537495162722639,0.3353155429779121,1.0819635793673823,0.8354154998701387,0.1987939375559154,,0.5
flux_rich,flux_0200.png,1,Flux,False,,,,,,,,,,,
flux_rich,flux_0201.png,1,Flux,False,,,,,,,,,,,
flux_rich,flux_0202.png,1,Flux,True,4.12692435268545,0.9049575730482804,0.7462560939261373,2.789533887420431,0.329645741065774,0.3683419276984143,77.55271264817944,44.98525995829399,29.97628683431762,0.030580490969732,0.3333333333333333
flux_rich,flux_0203.png,1,Flux,True,361.60384665412334,0.6146416109943149,0.4440397542951901,1.572350781736693,0.1512111831398953,0.7637921868950469,1.0080008393435662,0.6303567585779278,0.2285705154867342,,1.0
flux_rich,flux_0204.png,1,Flux,True,7.537101436763621,0.8011245239989422,0.6353985204881762,0.9358570089803828,0.1122056223438796,0.2308229603566549,0.6011823431453678,0.4826260668414984,0.0199868490857223,0.0182662746777078,0.0
flux_rich,flux_0205.png,1,Flux,True,28.657964946784123,0.8069373813694666,0.6475329313274999,2.048910212441169,0.2069063376126281,0.5866625128053136,0.5988294403440335,0.4307410161976471,0.0854806733909755,0.9451284705200028,0.0
flux_rich,flux_0206.png,1,Flux,True,7.582186747902189,0.888133555122838,0.7156488974026349,1.1847701185410588,0.140291552358679,0.2385323128919488,3.868382257448914,3.010241927910225,0.0634438087670869,0.1194242622723873,0.0
flux_rich,flux_0207.png,1,Flux,True,10.672678650834593,0.7031617055672276,0.506725217995338,0.4868212425763855,0.0307125471575108,0.2110672236393258,0.6412176684047779,0.4316581277696588,0.1259974724762985,0.0924811209762888,0.3333333333333333
flux_rich,flux_0208.png,1,Flux,True,4.554614702988545,0.8273053339612162,0.6773561156294574,1.4144463392141278,0.1432555383818576,0.2601537080258497,5.998839309708586,4.889645712676892,0.0970389962335788,0.0010262077814573,0.0
flux_rich,flux_0209.png,1,Flux,True,425.2438786957748,0.6862817397312828,0.5062825889279475,0.859206451887817,0.0887388166175646,0.1749528522777002,0.8115400704586051,0.4827446961538489,1.05769063888544,,0.5
flux_rich,flux_0210.png,1,Flux,True,4.631695623938036,0.7864090212566109,0.6279797273800428,0.9659696944409272,0.0905679379798433,0.1631671381274397,1.057418631490492,0.8513312062785519,0.0238223488079228,0.0517813038771359,0.0
flux_rich,flux_0211.png,1,Flux,False,,,,,,,,,,,
flux_rich,flux_0212.png,1,Flux,True,3.1402997420553587,0.7134392494295699,0.5450766614054643,0.6207835085658364,0.0444081533005093,0.0864481699765157,0.8494371733699779,0.6347174416846428,0.0163583170712701,0.0146896643496541,0.0
flux_rich,flux_0213.png,1,Flux,True,5.751987036376104,0.9472541986721216,0.7685159749462056,1.212150352856158,0.1698442147261525,0.4632808396213662,0.6859278569762495,0.401390611272965,0.050115536504897,0.1165804660891884,0.0
flux_rich,flux_0214.png,1,Flux,True,32.665861247522024,0.8324050106133994,0.6658990418711184,1.4221484164061189,0.2125970874023705,0.6889508299171848,13.530302099854964,9.886743078410664,4.062088640537859,0.110062240678026,0.3333333333333333
flux_rich,flux_0215.png,1,Flux,True,51.61713526687632,0.7531591968106042,0.5650301991379033,1.197894324791303,0.1096004325869045,0.1710003761160664,0.3412152759744913,0.2056692298887973,0.3186960707208908,1.2726096030084202,0.0
flux_rich,flux_0216.png,1,Flux,True,61.87006421352192,0.4995521785917267,0.3304621160968872,0.4341470662810319,0.0312303006562504,0.3384785045213403,4.32154683519299,2.8946613122803484,0.3436026251824346,0.0990863379642252,0.0
flux_rich,flux_0217.png,1,Flux,False,,,,,,,,,,,
flux_rich,flux_0218.png,1,Flux,True,4.402067347370799,0.9165982820405114,0.7518762466656268,1.9176964540715875,0.2842400615496171,0.3378869610610808,5.167809716032025,4.277578974129608,0.11468774065872,0.0447048259967051,0.5
flux_rich,flux_0219.png,1,Flux,False,,,,,,,,,,,
flux_rich,flux_0220.png,1,Flux,True,8.658355295012765,0.797882676505315,0.6262029070322865,0.933476398030948,0.1055477236895909,0.157448506722856,2.226398123554702,1.8504176256076184,0.0338591524439951,0.0124564657315326,0.0
flux_rich,flux_0221.png,1,Flux,False,,,,,,,,,,,
flux_rich,flux_0222.png,1,Flux,True,7.294616549466053,0.8495362957252839,0.6835865725508683,1.2043915323349053,0.1561946768681173,0.3241899734718103,5.074763831262516,3.781748000193237,0.0964969576999827,0.0746297935547657,0.0
flux_rich,flux_0223.png,1,Flux,True,4.392427909034919,0.5299012740197101,0.377142666138776,0.3876776844669906,0.0322840763747317,0.1704219920238477,0.5056613713599063,0.3845633620047958,0.2414318885212786,0.0435841942951489,0.3333333333333333
flux_rich,flux_0224.png,1,Flux,True,3.185922682193432,0.892930489349296,0.7119257841196098,2.043241195544014,0.2497282829674582,0.219421435338553,8.638842164875811,7.880827153664099,0.0994876736529281,0.1394757604336423,0.25
flux_rich,flux_0225.png,1,Flux,True,170.10109411854822,0.5314829475214199,0.392971960943892,0.4146970585378588,0.0023117585244756,0.1347253635928345,1.3002512355218414,0.9330739934954344,0.6205125987591958,1.098935557263113,0.0
flux_rich,flux_0226.png,1,Flux,True,8.651253650684861,0.6959376403398333,0.5394365767696225,1.515608507879986,0.1679604779996666,0.3023453118559028,0.4191144095645143,0.3390565090829623,0.044635009220584,0.1808017128292824,0.0
flux_rich,flux_0227.png,1,Flux,True,8.481981807568957,0.8235421408835488,0.6346288217290823,1.1184027925135789,0.1348033090321408,0.2257565508239748,1.0450529171813656,0.6064249563691997,2.416746574373283,,0.5
flux_rich,flux_0228.png,1,Flux,True,2.9517753128855038,0.8019429985399665,0.6374003367641219,0.6903863838985599,0.0430744407512207,0.1097170046343274,0.6140601109081842,0.3905588387821618,0.018281553147684,0.0298713915129571,0.0
flux_rich,flux_0229.png,1,Flux,True,37.78209313035021,0.8556528375264487,0.6794946106885574,1.5030999140952688,0.1558250490870821,0.2192407149236276,0.4451082847556193,0.3200929450306242,2.658672144008424,0.0676351871611302,0.3333333333333333
flux_rich,flux_0230.png,1,Flux,False,,,,,,,,,,,
flux_rich,flux_0231.png,1,Flux,True,69.70366634562176,0.6044867962610129,0.4510846073918195,0.4909239210964965,0.0296328536512175,0.1618152563985422,0.7797339139762585,0.4843051615180097,0.1530636907378982,,0.5
flux_rich,flux_0232.png,1,Flux,False,,,,,,,,,,,
flux_rich,flux_0233.png,1,Flux,True,,0.7698412489717651,0.5846173338258907,0.8537199065109783,0.0698538978384983,0.9769497211019676,83.43262045354315,48.26081394234423,7834.607341338764,,
flux_rich,flux_0234.png,1,Flux,True,2.861204722922244,0.8178653288294191,0.6582133992417464,2.668795119593381,0.3250281891534431,0.3199070061065427,5.639895208384857,4.831620962900682,0.121960930323871,1.3194578138127977,0.0
flux_rich,flux_0235.png,1,Flux,True,11.301769065059736,0.8057802320574913,0.6006526863270714,1.7795537157711856,0.17175133177151,0.5335357513940608,1.6980979704709824,1.0540802918673835,0.1780731071198931,1.0694911856292153,0.0
flux_rich,flux_0236.png,1,Flux,True,4.167877629177979,0.7861489202344105,0.6191391790357509,0.7240345633359381,0.0593407098761599,0.2330620436896449,3.486660995354228,2.875962876958273,0.0688267794920451,0.0549657781530203,0.0
flux_rich,flux_0237.png,1,Flux,True,12.31920033986514,0.772446587258814,0.5931618178412837,1.4965418658947909,0.165102351385726,0.1387985571144434,0.5507627111371107,0.4323373510605736,0.8414075379826347,,0.5
flux_rich,flux_0238.png,1,Flux,True,8.531268907315823,0.8600921822973563,0.6984771402018457,1.082300872177136,0.1250921534574816,0.2216273153822344,5.811423766940166,4.62100562034127,0.0941492594210147,0.0126565251946919,0.0
flux_rich,flux_0239.png,1,Flux,True,10.679900029966078,0.6413691330578093,0.448030100731531,0.5229430990225727,0.0316773859587266,0.2648179364213183,0.2269146553010586,0.1337433646397021,0.0077596252078094,0.178499803756277,0.0
flux_rich,flux_0240.png,1,Flux,True,6.385488581651802,0.8611913875861315,0.694132093080799,0.9849050932086107,0.0990253175188554,0.2966880013869998,1.0652905904127294,0.7510788599893666,0.0312004013890249,0.1048875917768343,0.0
flux_rich,flux_0241.png,1,Flux,True,248.4436184070804,0.5394953195404445,0.3803142879381413,0.4030643789405882,0.0084350830635473,0.5095217804820075,0.758268180229777,0.460110805431901,0.2109758021095485,,0.5
flux_rich,flux_0242.png,1,Flux,True,12.509592438516366,0.8460259880295016,0.6785807512429318,1.7984928512560217,0.1837474517350118,0.2464676269597311,3.089782569555126,2.323023389264576,0.042722229390695,0.1628319871532397,0.0
flux_rich,flux_0243.png,1,Flux,False,,,,,,,,,,,
flux_rich,flux_0244.png,1,Flux,True,19.768269465734807,0.5968549131637352,0.4358314491142689,0.4298130337384399,0.0217137624799415,0.140191995517277,4.219062916146584,3.3032003099470533,0.0859275098118401,0.0186086522583899,0.0
flux_rich,flux_0245.png,1,Flux,True,11.011052662213984,0.9573688316181772,0.7944082878229646,1.9746246523455329,0.2408398508903243,0.7790450398229543,0.5056156981039521,0.3212106877373808,3.74994303273168,3.1565364730364536,0.3333333333333333
flux_rich,flux_0246.png,1,Flux,True,25.036460176499705,0.8845812503511333,0.722467227134163,1.8632463939646045,0.262118188071348,0.8031674204813883,40.708821872653466,23.6912646179788,0.7804583022462422,0.7681426589027636,0.25
flux_rich,flux_0247.png,1,Flux,False,,,,,,,,,,,
flux_rich,flux_0248.png,1,Flux,False,,,,,,,,,,,
flux_rich,flux_0249.png,1,Flux,False,,,,,,,,,,,
